date;FBA;FBS;Eşleşme;PTF;Blok Alış Eşleşme;Blok Satış Eşleşme;YTP;Ritm;day;hour
2021-12-01 00:00:00;21959,5;11882,5;22247,6;800,77;2065,5;8946,0;34258;2600,067;1;0
2021-12-01 01:00:00;21642,8;11634,2;21934,9;797,96;2022,3000000000002;8922,099999999999;32611;2395,277;1;1
2021-12-01 02:00:00;20953,7;11969,6;21439,9;698,9;1969,9999999999998;8922,099999999999;31466;2136,965;1;2
2021-12-01 03:00:00;20451,2;11932,5;20947,3;698,0;1931,7000000000003;8494,0;30896;1961,92;1;3
2021-12-01 04:00:00;20407,8;11983,3;20910,7;698,9;1934,4999999999998;7993,4;30781;1889,47;1;4
2021-12-01 05:00:00;20691,2;12030,2;21150,0;699,99;1944,6;8429,4;30962;1881,38;1;5
2021-12-01 06:00:00;22175,0;12597,6;22515,3;765,57;1912,6000000000001;9122,8;31955;1922,745;1;6
2021-12-01 07:00:00;23770,4;13208,2;24259,7;740,86;2078,2999999999997;10376,3;33803;2115,278;1;7
2021-12-01 08:00:00;25299,6;11920,7;24786,6;1217,0;2320,7;10276,900000000001;39306;2389,777;1;8
2021-12-01 09:00:00;26471,0;12554,1;25561,8;1217,0;2363,4;10310,2;42075;2620,39;1;9
2021-12-01 10:00:00;27244,0;13290,7;26355,5;1217,0;2416,5;10313,0;43076;2879,762;1;10
2021-12-01 11:00:00;27540,6;13691,8;26743,7;1217,0;2433,5;10436,300000000001;43622;3166,515;1;11
2021-12-01 12:00:00;25469,5;14097,5;25870,6;900,0;2322,3;9567,2;42542;3373,373;1;12
2021-12-01 13:00:00;25145,5;14211,8;25466,1;1000,0;2331,7999999999997;8860,2;42742;3417,742;1;13
2021-12-01 14:00:00;25209,7;13698,0;24974,4;1217,0;2351,6;8700,8;42866;3232,382;1;14
2021-12-01 15:00:00;24951,8;12832,7;24190,7;1217,0;2338,0;8700,9;42756;2943,895;1;15
2021-12-01 16:00:00;25165,0;11721,4;23270,9;1217,0;2349,5000000000005;8879,099999999999;42517;2435,287;1;16
2021-12-01 17:00:00;26097,3;10892,4;22411,9;1217,0;2323,0;8856,8;42837;1983,87;1;17
2021-12-01 18:00:00;25500,7;10743,8;22266,4;1217,0;2363,0;8864,8;42518;1962,015;1;18
2021-12-01 19:00:00;24473,9;10938,0;22371,6;1217,0;2297,9000000000005;8869,099999999999;41518;1940,24;1;19
2021-12-01 20:00:00;23795,8;10956,8;22198,3;1217,0;2244,8000000000006;8606,3;40752;1885,24;1;20
2021-12-01 21:00:00;23516,6;10826,2;22680,3;1217,0;2190,1000000000004;9262,300000000001;39749;1844,262;1;21
2021-12-01 22:00:00;23223,8;11199,7;23298,5;1197,99;2320,2000000000003;9455,400000000001;38660;1867,717;1;22
2021-12-01 23:00:00;21744,6;11331,5;22313,2;888,19;2225,9;8496,5;37051;1919,837;1;23
2021-12-02 00:00:00;22419,8;12793,3;22641,8;893,04;2187,5;8487,9;34042;2022,012;2;0
2021-12-02 01:00:00;22311,7;12811,2;22635,6;797,01;2154,3;8681,7;32798;2157,053;2;1
2021-12-02 02:00:00;21785,4;13007,6;22140,9;698,0;2091,9;8485,1;31744;2285,117;2;2
2021-12-02 03:00:00;21232,4;13266,7;21588,0;697,99;2045,4;7836,5;31053;2443,35;2;3
2021-12-02 04:00:00;21118,3;13482,6;21470,2;698,0;2037,4;7423,4;30905;2588,755;2;4
2021-12-02 05:00:00;21309,5;13506,5;21647,0;700,01;2028,3000000000002;7421,5;31117;2730,585;2;5
2021-12-02 06:00:00;22906,6;14204,7;23128,6;896,21;1989,2000000000003;7462,6;32051;2839,19;2;6
2021-12-02 07:00:00;24494,4;14454,8;24692,7;899,99;2144,7;7241,799999999999;33899;2937,038;2;7
2021-12-02 08:00:00;25021,7;13149,5;25146,2;1197,99;2343,6000000000004;9642,3;39552;3051,335;2;8
2021-12-02 09:00:00;26136,2;14430,0;26296,6;1098,89;2362,0;9637,599999999999;42863;3104,255;2;9
2021-12-02 10:00:00;26625,5;15346,6;26948,8;956,96;2391,1;9634,4;43775;3129,4;2;10
2021-12-02 11:00:00;26697,7;15426,1;27002,2;981,13;2414,3;9337,0;44237;3419,062;2;11
2021-12-02 12:00:00;24537,1;15472,3;25301,7;797,01;2309,8;8235,7;42802;3834,552;2;12
2021-12-02 13:00:00;24143,8;15452,7;24739,6;797,01;2340,0;7666,4;42884;4132,272;2;13
2021-12-02 14:00:00;24052,4;15181,0;24393,3;841,39;2334,7;7365,8;43224;4378,188;2;14
2021-12-02 15:00:00;23704,3;14557,2;24026,2;911,4;2348,2;7612,9;42894;4371,628;2;15
2021-12-02 16:00:00;23816,5;13515,5;23837,5;1148,89;2391,0;8114,299999999999;42794;3993,537;2;16
2021-12-02 17:00:00;24868,4;12899,1;23508,1;1217,0;2384,1999999999994;8184,099999999999;43165;3890,843;2;17
2021-12-02 18:00:00;24561,5;13080,8;23687,9;1217,0;2448,5;8189,900000000001;42694;4156,35;2;18
2021-12-02 19:00:00;23512,3;13444,8;23621,7;1000,0;2386,2;8195,099999999999;41544;4327,445;2;19
2021-12-02 20:00:00;22948,2;12941,1;23175,1;1053,13;2324,4000000000005;8128,0;40759;4533,42;2;20
2021-12-02 21:00:00;22879,7;12915,7;23284,7;981,12;2277,8;8510,8;39670;4724,975;2;21
2021-12-02 22:00:00;22674,2;13237,3;23138,9;896,21;2367,6;7854,299999999999;38549;4877,498;2;22
2021-12-02 23:00:00;20999,6;13427,8;22179,0;698,0;2274,3000000000006;7844,499999999999;37048;4856,41;2;23
2021-12-03 00:00:00;22456,8;14524,4;22703,9;798,11;2028,6999999999998;6989,8;34487;4801,13;3;0
2021-12-03 01:00:00;22211,1;14555,5;22453,2;764,36;1985,8999999999999;6991,700000000001;32778;4875,437;3;1
2021-12-03 02:00:00;21736,2;14771,3;22105,3;699,98;1937,5;6738,6;31607;4885,687;3;2
2021-12-03 03:00:00;21261,5;14913,5;21817,9;600,0;1884,9999999999998;6391,299999999999;30899;4898,693;3;3
2021-12-03 04:00:00;21141,8;14972,1;21840,6;575,0;1885,2999999999995;6389,3;30766;4975,203;3;4
2021-12-03 05:00:00;21393,9;14874,1;21881,9;625,01;1902,7;6492,299999999999;31088;5028,082;3;5
2021-12-03 06:00:00;23071,8;15418,2;23309,6;798,1;1853,4000000000003;6842,3;32367;4999,75;3;6
2021-12-03 07:00:00;24801,4;15554,3;25105,6;800,01;2020,7000000000003;7990,0;34503;5004,472;3;7
2021-12-03 08:00:00;25903,3;14675,8;26157,8;999,99;2250,7999999999997;8875,7;40114;5099,25;3;8
2021-12-03 09:00:00;27096,5;15658,1;27326,5;1000,0;2311,2;8872,599999999999;42776;5299,66;3;9
2021-12-03 10:00:00;27449,7;16460,9;27742,4;917,23;2364,0;8850,2;43372;5638,358;3;10
2021-12-03 11:00:00;27537,7;16758,9;27923,0;849,98;2366,4000000000005;8904,9;43587;6068,65;3;11
2021-12-03 12:00:00;24630,1;16800,8;25672,4;699,98;2208,3000000000006;7768,8;40919;6458,08;3;12
2021-12-03 13:00:00;24181,0;16713,8;25495,2;599,99;2146,0;7862,099999999999;40401;6597,0;3;13
2021-12-03 14:00:00;25337,6;15774,7;25745,7;798,1;2240,7;8366,5;42067;6497,245;3;14
2021-12-03 15:00:00;25218,0;14632,9;25506,2;849,99;2252,6000000000004;8878,599999999999;41853;6183,58;3;15
2021-12-03 16:00:00;25859,1;13654,0;26009,9;999,99;2195,5;9948,6;41863;5515,957;3;16
2021-12-03 17:00:00;26770,7;13108,5;26140,1;1217,0;2184,3;9972,000000000002;42210;4987,89;3;17
2021-12-03 18:00:00;26536,0;13131,7;26088,7;1217,0;2249,5;9979,6;41823;4929,468;3;18
2021-12-03 19:00:00;25650,9;13381,8;25889,5;1000,01;2188,7;9980,9;40877;4911,917;3;19
2021-12-03 20:00:00;24907,2;13504,4;25268,1;1000,0;2145,4000000000005;9277,7;40163;4842,037;3;20
2021-12-03 21:00:00;24122,1;13354,0;24406,8;950,0;2112,7999999999997;8747,4;39195;4784,915;3;21
2021-12-03 22:00:00;23659,6;13703,2;24358,6;850,0;2252,7;7845,4;38190;4804,185;3;22
2021-12-03 23:00:00;22272,7;13718,7;23059,3;798,11;2160,9;7645,099999999999;36853;4850,693;3;23
2021-12-04 00:00:00;22102,0;13463,8;22249,8;999,99;2062,0;7226,8;34407;5005,982;4;0
2021-12-04 01:00:00;21826,4;13454,5;22175,9;764,35;1999,7999999999997;7388,2;32657;5153,287;4;1
2021-12-04 02:00:00;21353,3;13681,1;21725,6;699,97;1967,1999999999996;7189,8;31388;5253,732;4;2
2021-12-04 03:00:00;20692,2;13835,9;21039,5;698,01;1917,5999999999995;6602,7;30512;5257,328;4;3
2021-12-04 04:00:00;20450,3;13990,7;20679,8;670,0;1892,9999999999998;6098,4;30158;5178,535;4;4
2021-12-04 05:00:00;20667,1;14008,4;20908,6;699,97;1906,3999999999996;6101,6;30402;5120,28;4;5
2021-12-04 06:00:00;21654,6;14460,7;21846,1;790,01;1809,3999999999999;6097,2;31282;5054,252;4;6
2021-12-04 07:00:00;22660,0;14982,6;23135,5;699,96;1837,4999999999995;7208,6;32310;5028,455;4;7
2021-12-04 08:00:00;24073,3;14330,5;24846,8;699,96;1990,6000000000001;9776,6;35998;5041,393;4;8
2021-12-04 09:00:00;25142,3;14427,9;25736,7;764,35;2130,1000000000004;10004,1;38462;5033,22;4;9
2021-12-04 10:00:00;26145,3;14742,7;26300,9;1000,0;2219,1;10015,800000000001;39534;4989,96;4;10
2021-12-04 11:00:00;26209,1;14592,2;26300,4;1048,89;2251,4;9788,9;40082;4931,09;4;11
2021-12-04 12:00:00;24515,1;14173,5;25258,5;799,99;2155,8;9360,5;39161;4861,06;4;12
2021-12-04 13:00:00;24418,7;13786,5;24791,6;949,98;2160,5000000000005;9302,7;39165;4549,79;4;13
2021-12-04 14:00:00;24427,9;13123,1;24585,4;1000,0;2138,6;9697,800000000001;39270;4147,868;4;14
2021-12-04 15:00:00;24416,9;12398,6;24675,8;949,99;2078,1000000000004;10613,6;38871;3599,34;4;15
2021-12-04 16:00:00;24619,6;12097,8;24650,0;1199,99;2059,7;10548,7;38688;3049,315;4;16
2021-12-04 17:00:00;25735,1;11619,6;24456,1;1217,0;2098,7999999999997;10575,6;39287;2772,823;4;17
2021-12-04 18:00:00;26029,4;11162,1;23986,5;1217,0;2225,9999999999995;10585,8;39686;2676,122;4;18
2021-12-04 19:00:00;25214,4;11131,2;23991,2;1217,0;2163,3;10589,7;38894;2585,255;4;19
2021-12-04 20:00:00;24510,4;11215,2;24079,1;1217,0;2102,5;10554,8;38157;2446,757;4;20
2021-12-04 21:00:00;23815,1;11027,5;23747,0;1217,0;2108,1;10377,5;37239;2397,508;4;21
2021-12-04 22:00:00;23197,1;11144,2;23284,8;1050,01;2190,5999999999995;10029,400000000001;36173;2390,077;4;22
2021-12-04 23:00:00;22732,6;11055,0;23256,8;896,03;2104,8999999999996;10023,8;34547;2317,753;4;23
2021-12-05 00:00:00;21720,3;11179,1;21986,2;949,99;2465,8;9234,599999999999;33272;2183,085;5;0
2021-12-05 01:00:00;21430,4;11150,5;21736,0;925,01;2425,7;9339,7;31691;2002,618;5;1
2021-12-05 02:00:00;20844,1;11273,8;21226,4;764,18;2358,7;9372,2;30389;1850,79;5;2
2021-12-05 03:00:00;20355,7;11272,7;20702,9;860,98;2299,5;8378,7;29407;1658,15;5;3
2021-12-05 04:00:00;20201,5;11233,1;20574,3;764,19;2281,4;8699,5;28933;1616,295;5;4
2021-12-05 05:00:00;20244,1;11111,7;20620,3;799,96;2282,2999999999997;8698,5;28797;1617,292;5;5
2021-12-05 06:00:00;20839,9;11269,3;21111,3;990,0;2181,2999999999997;8701,5;29037;1597,417;5;6
2021-12-05 07:00:00;20830,5;11677,3;21241,2;844,95;2144,6000000000004;8541,7;28547;1613,09;5;7
2021-12-05 08:00:00;20871,9;11820,0;21393,8;799,97;2151,3;8714,7;29589;1584,327;5;8
2021-12-05 09:00:00;21986,7;12758,8;22419,8;944,94;2177,3;8709,7;32041;1550,66;5;9
2021-12-05 10:00:00;22914,4;13196,0;23333,2;949,98;2247,5;9086,7;33672;1532,417;5;10
2021-12-05 11:00:00;23493,1;13517,8;23830,8;944,95;2263,8000000000006;9330,7;34806;1538,685;5;11
2021-12-05 12:00:00;22347,0;13052,8;22752,4;799,96;2247,9000000000005;8951,7;34684;1514,758;5;12
2021-12-05 13:00:00;22201,8;13067,5;22631,8;799,97;2251,8;8747,7;34955;1436,053;5;13
2021-12-05 14:00:00;21825,3;12597,5;22302,2;950,01;2258,3999999999996;8644,7;35335;1363,465;5;14
2021-12-05 15:00:00;21519,2;11866,0;21940,3;950,0;2247,3;9032,7;35051;1266,698;5;15
2021-12-05 16:00:00;21721,6;11092,7;21912,4;1100,0;2298,0000000000005;8813,5;35314;1087,01;5;16
2021-12-05 17:00:00;23824,4;10643,1;22168,6;1217,0;2404,4;9432,7;36336;1071,985;5;17
2021-12-05 18:00:00;24924,2;10500,9;22265,1;1217,0;2546,7000000000003;9990,099999999999;37274;1400,657;5;18
2021-12-05 19:00:00;24495,9;10873,4;22711,3;1217,0;2522,7;9996,4;36939;1746,907;5;19
2021-12-05 20:00:00;24137,9;11389,7;23073,1;1217,0;2478,4;9748,300000000001;36556;2104,687;5;20
2021-12-05 21:00:00;23411,7;11659,5;23563,6;1200,0;2426,6000000000004;9876,199999999999;35934;2515,018;5;21
2021-12-05 22:00:00;22269,3;12037,1;23025,3;896,13;2483,6000000000004;9234,599999999999;35250;2992,405;5;22
2021-12-05 23:00:00;20608,1;12399,8;21853,6;779,0;2379,2000000000003;7524,4;33885;3258,28;5;23
2021-12-06 00:00:00;20568,7;12526,6;20791,3;1049,99;2077,2999999999997;6486,4;32069;3395,455;6;0
2021-12-06 01:00:00;20271,0;12791,1;20608,4;870,98;2027,6;6487,4;30547;3806,785;6;1
2021-12-06 02:00:00;19739,8;13238,4;20132,9;764,09;1976,0000000000002;6024,4;29414;4162,545;6;2
2021-12-06 03:00:00;19196,4;13502,1;19651,6;743,07;1927,7;5286,1;28784;4412,035;6;3
2021-12-06 04:00:00;19177,6;13761,1;19593,1;743,07;1928,2;5009,9;28580;4578,145;6;4
2021-12-06 05:00:00;19486,3;13866,6;19878,7;799,96;1941,8;5010,9;28645;4710,673;6;5
2021-12-06 06:00:00;21060,8;14637,8;21440,0;764,09;1929,9;5950,099999999999;29342;4795,262;6;6
2021-12-06 07:00:00;22791,4;14676,1;23182,0;799,96;2155,1;6739,8;31222;4896,123;6;7
2021-12-06 08:00:00;25334,0;14136,0;25543,5;1060,87;2922,2000000000007;8840,4;39009;5031,538;6;8
2021-12-06 09:00:00;26546,4;14858,5;26736,1;1086,31;3013,9;9594,9;41721;5152,68;6;9
2021-12-06 10:00:00;27129,5;15664,5;27541,0;999,98;3066,0;9771,4;43020;5452,88;6;10
2021-12-06 11:00:00;27119,8;16045,4;27618,3;999,98;3099,9999999999995;9661,5;43653;5983,28;6;11
2021-12-06 12:00:00;25029,5;16037,0;26235,5;743,06;2794,7000000000003;8786,5;42571;6397,118;6;12
2021-12-06 13:00:00;24789,5;16086,8;25881,4;779,64;2790,9;8199,0;42575;6566,773;6;13
2021-12-06 14:00:00;24642,8;15363,0;25117,1;999,98;2804,9;7621,199999999999;42628;6529,378;6;14
2021-12-06 15:00:00;24456,5;14705,0;24807,5;1045,96;2956,5000000000005;7987,7;42386;6161,79;6;15
2021-12-06 16:00:00;24678,8;13519,0;24809,1;1200,01;2918,7999999999997;8784,2;42103;5416,115;6;16
2021-12-06 17:00:00;25760,5;12878,7;24235,5;1217,0;2891,9000000000005;8804,400000000001;42724;4992,282;6;17
2021-12-06 18:00:00;25436,8;12829,7;24134,6;1217,0;2965,5;8833,5;42370;5052,783;6;18
2021-12-06 19:00:00;24374,9;12964,2;24167,0;1217,0;2894,6;8842,5;41303;5164,683;6;19
2021-12-06 20:00:00;23704,5;13093,1;23865,3;1199,0;2846,5000000000005;8341,2;40663;5264,97;6;20
2021-12-06 21:00:00;22988,7;13098,9;23851,9;1159,13;3531,9000000000005;8375,9;39474;5325,307;6;21
2021-12-06 22:00:00;22370,8;13054,2;23699,8;1016,69;3619,1;7941,0;38350;5446,795;6;22
2021-12-06 23:00:00;21141,0;13164,5;23008,2;799,96;3524,4;7942,2;36672;5726,587;6;23
2021-12-07 00:00:00;21762,8;14702,6;22115,9;968,16;2208,9;5588,0;34946;6041,288;7;0
2021-12-07 01:00:00;21432,9;14770,9;21859,6;799,13;2171,5000000000005;5590,900000000001;33247;5987,508;7;1
2021-12-07 02:00:00;20888,4;14917,4;21447,7;743,05;2152,9;5566,3;32025;5919,867;7;2
2021-12-07 03:00:00;20443,2;15129,0;21229,1;600,0;2108,8999999999996;5565,7;31321;5862,445;7;3
2021-12-07 04:00:00;20296,8;14998,3;20763,5;700,01;2075,0;5060,5;31247;5871,697;7;4
2021-12-07 05:00:00;20680,5;14967,2;21073,5;763,12;2062,5;5060,2;31645;5797,437;7;5
2021-12-07 06:00:00;22049,7;15433,8;22379,1;813,31;1987,3000000000002;5314,6;32577;5604,53;7;6
2021-12-07 07:00:00;23297,0;15306,9;24024,0;787,03;2346,7999999999997;6582,1;34688;5502,662;7;7
2021-12-07 08:00:00;24930,4;14653,2;26064,8;900,0;3373,9;9929,4;39930;5574,24;7;8
2021-12-07 09:00:00;25943,0;15181,3;26841,3;921,01;3457,6;9914,099999999999;42902;5679,908;7;9
2021-12-07 10:00:00;26397,0;15551,9;27294,1;937,03;3487,4;9879,5;44312;5756,555;7;10
2021-12-07 11:00:00;26667,3;15551,3;27472,5;1023,09;3459,5000000000005;9685,099999999999;44877;5796,265;7;11
2021-12-07 12:00:00;24222,5;14985,9;25734,0;807,19;2962,2;8610,2;43922;5824,258;7;12
2021-12-07 13:00:00;24074,8;14886,7;25594,7;845,98;2991,9;8403,4;43815;5828,22;7;13
2021-12-07 14:00:00;24559,4;14178,9;25283,1;987,56;2647,2999999999997;8796,7;43724;5795,962;7;14
2021-12-07 15:00:00;24098,4;13677,1;24418,9;1018,79;2828,3;8526,8;43180;5599,333;7;15
2021-12-07 16:00:00;24209,9;13298,5;24402,3;1098,24;2795,0999999999995;8827,6;43015;5328,487;7;16
2021-12-07 17:00:00;25337,4;13101,2;24548,0;1217,0;2788,7000000000003;8850,9;43849;5100,91;7;17
2021-12-07 18:00:00;25111,8;13107,5;24583,2;1217,0;2869,5;8869,6;44153;4994,972;7;18
2021-12-07 19:00:00;24038,7;13133,1;24281,4;1050,0;2812,7;8880,6;43078;4850,353;7;19
2021-12-07 20:00:00;23686,7;12900,5;23969,0;1049,99;2744,3000000000006;8766,6;42067;4646,412;7;20
2021-12-07 21:00:00;23073,7;12767,5;23620,5;947,79;2896,8999999999996;8978,2;40838;4626,387;7;21
2021-12-07 22:00:00;22352,0;12586,7;23372,6;925,57;3092,8;8625,7;39397;4663,672;7;22
2021-12-07 23:00:00;21270,6;12710,5;22725,3;787,03;3027,8;8372,900000000001;37288;4531,225;7;23
2021-12-08 00:00:00;21787,7;13250,0;22166,3;899,66;2210,2000000000003;7419,8;35330;4375,093;8;0
2021-12-08 01:00:00;21459,3;13019,7;21842,9;813,3;2170,7;7798,5;33360;4175,89;8;1
2021-12-08 02:00:00;20963,0;12896,5;21505,8;764,01;2131,6000000000004;7798,5;32129;3845,533;8;2
2021-12-08 03:00:00;20638,1;12846,2;21103,3;763,09;2108,2;7800,200000000001;31394;3516,64;8;3
2021-12-08 04:00:00;20548,6;12717,2;21013,9;763,1;2096,1;7799,900000000001;31102;3184,825;8;4
2021-12-08 05:00:00;20876,6;12638,0;21354,9;899,65;2122,8;7801,6;31379;2915,462;8;5
2021-12-08 06:00:00;21855,9;12978,1;22541,4;899,66;2083,2;8301,1;32548;2679,467;8;6
2021-12-08 07:00:00;22645,9;12796,3;23863,6;917,52;2251,2;8754,6;34743;2521,073;8;7
2021-12-08 08:00:00;24087,3;11540,7;24223,3;1212,8;2420,1000000000004;9382,3;40120;2519,005;8;8
2021-12-08 09:00:00;25163,3;11297,5;25113,2;1217,0;2512,3;9933,599999999999;43141;2633,625;8;9
2021-12-08 10:00:00;25744,2;11431,2;25304,9;1217,0;2576,5000000000005;10038,7;43829;2766,96;8;10
2021-12-08 11:00:00;26220,6;11636,7;25746,5;1217,0;2606,6;10267,8;44189;2784,205;8;11
2021-12-08 12:00:00;24468,8;11503,4;24600,8;1208,64;2499,499999999999;10064,3;42875;2714,733;8;12
2021-12-08 13:00:00;24564,9;11545,2;24696,1;1211,26;2507,2000000000003;9860,1;42766;2625,118;8;13
2021-12-08 14:00:00;25002,3;10925,5;24745,4;1217,0;2516,3999999999996;9936,599999999999;43244;2482,453;8;14
2021-12-08 15:00:00;24837,3;10605,7;24478,3;1217,0;2467,8999999999996;9898,1;43044;2297,348;8;15
2021-12-08 16:00:00;25075,1;10243,1;24322,1;1217,0;2516,5;10090,4;43110;1944,26;8;16
2021-12-08 17:00:00;26317,5;10110,4;24127,3;1217,0;2514,4999999999995;10110,6;43707;1626,818;8;17
2021-12-08 18:00:00;25781,4;9890,9;23903,6;1217,0;2549,0;10128,899999999998;43506;1528,2;8;18
2021-12-08 19:00:00;24615,2;9968,1;24038,7;1217,0;2485,4000000000005;10134,7;42544;1406,753;8;19
2021-12-08 20:00:00;23980,7;9779,9;23203,6;1217,0;2363,9;9564,6;41539;1238,108;8;20
2021-12-08 21:00:00;23246,8;9570,4;23137,0;1217,0;2310,8;9763,4;40330;1122,785;8;21
2021-12-08 22:00:00;22621,9;9814,5;22757,9;1211,66;2437,6;9647,699999999999;38968;1101,925;8;22
2021-12-08 23:00:00;21458,4;9999,2;21616,4;1192,0;2341,3999999999996;9652,5;37110;1036,728;8;23
2021-12-09 00:00:00;22121,0;10217,4;22563,5;989,0;2290,8;10486,4;35204;939,797;9;0
2021-12-09 01:00:00;22217,4;10229,2;22689,9;905,89;2266,6;10985,4;33418;988,573;9;1
2021-12-09 02:00:00;21654,3;10487,4;22228,1;898,98;2212,9;10648,5;32234;1115,26;9;2
2021-12-09 03:00:00;21142,4;10788,8;21622,5;845,97;2162,3;9868,199999999999;31556;1310,968;9;3
2021-12-09 04:00:00;21011,0;11124,2;21535,9;845,97;2143,7999999999997;9462,9;31238;1530,195;9;4
2021-12-09 05:00:00;21322,9;11311,5;21871,7;800,0;2148,5999999999995;9712,499999999998;31654;1803,382;9;5
2021-12-09 06:00:00;22412,3;12084,9;23199,8;813,3;2102,7000000000007;10254,0;32750;2090,865;9;6
2021-12-09 07:00:00;23639,8;12608,3;24467,1;898,99;2258,1000000000004;10192,4;35019;2367,075;9;7
2021-12-09 08:00:00;23847,6;11695,3;24036,3;1204,86;2395,2999999999997;9335,7;40642;2609,56;9;8
2021-12-09 09:00:00;24866,4;12527,1;25054,7;1205,57;2426,1000000000004;9356,1;43510;2810,568;9;9
2021-12-09 10:00:00;25369,0;13576,6;25559,3;1201,02;2427,8;9362,199999999999;44104;2994,622;9;10
2021-12-09 11:00:00;25923,0;14073,8;26111,7;1200,59;2428,0;9424,3;44470;3384,133;9;11
2021-12-09 12:00:00;23916,1;14475,5;25086,1;898,98;2297,1;8972,4;42831;3861,212;9;12
2021-12-09 13:00:00;23953,3;14830,2;25129,2;887,57;2327,8;8772,0;42979;4172,875;9;13
2021-12-09 14:00:00;24325,4;14381,7;25344,1;899,99;2349,1;9439,4;43464;4331,845;9;14
2021-12-09 15:00:00;24094,5;13691,0;24686,9;924,99;2354,4;9417,8;43215;4320,64;9;15
2021-12-09 16:00:00;24549,6;12693,1;24759,8;1188,99;2336,1000000000004;9648,8;43256;4133,003;9;16
2021-12-09 17:00:00;25557,9;12365,7;25748,6;1208,26;2345,9;9675,3;43579;4183,902;9;17
2021-12-09 18:00:00;25029,5;12576,6;25214,7;1201,86;2396,5;9690,9;43005;4486,68;9;18
2021-12-09 19:00:00;23903,5;13054,0;24318,9;931,05;2335,2999999999997;9669,5;41844;4745,368;9;19
2021-12-09 20:00:00;23220,5;13076,2;24177,4;900,0;2329,9999999999995;9470,6;41013;5025,403;9;20
2021-12-09 21:00:00;22599,6;13018,4;23593,7;898,98;2326,2000000000003;9378,400000000001;39902;5267,18;9;21
2021-12-09 22:00:00;22126,1;13194,7;23695,6;868,45;2432,0;8626,8;38787;5514,165;9;22
2021-12-09 23:00:00;21350,3;13517,9;23010,3;813,31;2348,2;7382,8;37178;5700,35;9;23
2021-12-10 00:00:00;22345,3;14392,0;22652,5;975,0;2169,7000000000003;5949,6;35586;5834,92;10;0
2021-12-10 01:00:00;22137,0;14437,3;22456,1;900,0;2151,8;5949,3;33894;5932,187;10;1
2021-12-10 02:00:00;21545,7;14747,8;21879,6;763,1;2095,2000000000003;6046,3;32731;6053,495;10;2
2021-12-10 03:00:00;21079,0;14917,5;21412,6;762,85;2048,8999999999996;5820,700000000001;31766;6235,22;10;3
2021-12-10 04:00:00;20944,8;15295,3;21279,8;743,07;2035,9999999999998;5318,4;31261;6464,385;10;4
2021-12-10 05:00:00;21326,3;15568,4;21666,7;763,09;2047,7999999999995;5319,5;31489;6660,148;10;5
2021-12-10 06:00:00;22773,4;16363,0;23442,9;763,09;2016,4999999999998;6207,400000000001;32679;6808,803;10;6
2021-12-10 07:00:00;25018,5;16608,1;25738,4;763,12;2682,1;7566,4;35092;6897,815;10;7
2021-12-10 08:00:00;26256,7;15899,8;26721,0;974,99;2916,0999999999995;8885,3;40749;6929,755;10;8
2021-12-10 09:00:00;27039,0;16573,6;27509,0;980,04;2977,5999999999995;8883,7;43250;7069,33;10;9
2021-12-10 10:00:00;27616,8;17473,5;28106,4;950,0;3047,0;8649,4;43828;7301,005;10;10
2021-12-10 11:00:00;27770,5;17741,5;28290,9;905,89;3052,8;8717,7;44236;7556,508;10;11
2021-12-10 12:00:00;24953,8;17573,5;26044,6;763,09;2711,9;7445,700000000001;42780;7738,573;10;12
2021-12-10 13:00:00;24520,7;17511,2;25644,7;762,86;2646,0;7238,400000000001;42543;7731,49;10;13
2021-12-10 14:00:00;25522,6;16889,8;26383,2;900,0;2948,0999999999995;7667,700000000001;43557;7690,555;10;14
2021-12-10 15:00:00;24517,1;15940,6;25035,8;949,98;2938,3000000000006;7224,200000000001;43336;7572,09;10;15
2021-12-10 16:00:00;24907,1;15163,9;25201,0;1000,0;2880,9999999999995;7617,900000000001;43247;7312,152;10;16
2021-12-10 17:00:00;25928,8;14821,9;26054,4;1205,47;2852,7000000000003;7663,1;43717;7100,835;10;17
2021-12-10 18:00:00;25354,9;14640,1;25480,6;1202,29;2908,2999999999997;7676,3;43208;6744,585;10;18
2021-12-10 19:00:00;24364,2;14835,0;24699,8;958,51;2836,2000000000003;7687,6;42082;6406,225;10;19
2021-12-10 20:00:00;24321,4;14884,1;24886,1;958,89;2821,600000000001;7881,3;41161;6306,707;10;20
2021-12-10 21:00:00;23090,1;14203,5;23698,7;899,99;2279,4999999999995;7664,1;40112;6161,2;10;21
2021-12-10 22:00:00;22723,2;14396,9;23446,4;863,57;2400,1999999999994;6581,4;39040;6299,985;10;22
2021-12-10 23:00:00;21594,9;14539,5;23029,5;843,56;2326,0;5674,8;37189;6530,848;10;23
2021-12-11 00:00:00;22067,1;15582,5;22409,6;899,56;2142,5;5186,2;35247;6550,613;11;0
2021-12-11 01:00:00;21873,3;15183,3;22155,2;900,0;2101,0;4918,7;33396;6372,203;11;1
2021-12-11 02:00:00;21244,1;15124,6;21533,1;799,99;2044,5999999999997;5174,3;32172;6175,833;11;2
2021-12-11 03:00:00;20775,5;15118,0;21067,3;743,07;2012,6;5286,099999999999;31198;5885,075;11;3
2021-12-11 04:00:00;20637,6;15011,3;20926,8;762,0;1997,1999999999998;5031,299999999999;30825;5614,145;11;4
2021-12-11 05:00:00;20826,0;14811,3;21111,3;843,54;2010,2999999999995;5035,5;31131;5439,118;11;5
2021-12-11 06:00:00;21889,5;15094,1;22175,3;843,54;1937,7999999999997;5807,1;31690;5315,975;11;6
2021-12-11 07:00:00;23141,2;15549,1;23626,0;843,55;2452,1;6274,099999999999;33018;5353,765;11;7
2021-12-11 08:00:00;24230,2;15101,5;24679,2;949,98;2621,5;7907,2;36596;5502,88;11;8
2021-12-11 09:00:00;25463,4;15675,4;25910,7;949,98;2732,1;8428,4;39024;5716,085;11;9
2021-12-11 10:00:00;26397,0;16313,2;26928,7;924,99;2808,3;8882,2;40183;6051,35;11;10
2021-12-11 11:00:00;26729,3;16835,9;27368,8;899,99;2837,6;8860,5;40662;6303,923;11;11
2021-12-11 12:00:00;24425,2;16754,3;25737,6;798,01;2530,7;7319,299999999999;39907;6591,522;11;12
2021-12-11 13:00:00;24310,4;16898,1;25619,0;798,0;2539,8;7114,2;39981;6783,22;11;13
2021-12-11 14:00:00;24694,7;16678,0;25918,6;762,76;2709,8000000000006;8136,7;39940;6781,468;11;14
2021-12-11 15:00:00;23934,3;15977,0;25215,9;800,0;2655,9;8171,299999999999;39429;6556,333;11;15
2021-12-11 16:00:00;24170,4;15032,7;25064,4;899,66;2607,2;8467,8;39387;6282,515;11;16
2021-12-11 17:00:00;24978,1;14689,8;25261,8;1000,4;2623,0999999999995;8475,199999999999;40015;6233,085;11;17
2021-12-11 18:00:00;25391,0;14589,1;25539,2;1174,99;2740,2;8652,8;40428;6358,145;11;18
2021-12-11 19:00:00;24586,1;14643,7;25114,9;921,02;2672,9;8658,300000000001;39728;6457,862;11;19
2021-12-11 20:00:00;23993,3;14781,0;24539,5;957,2;2644,3999999999996;7866,099999999999;38968;6554,692;11;20
2021-12-11 21:00:00;22779,3;14370,2;23216,4;900,0;2120,2;7216,2;38120;6670,218;11;21
2021-12-11 22:00:00;22017,5;14653,2;22975,2;899,56;2234,1000000000004;6418,8;37072;6854,478;11;22
2021-12-11 23:00:00;20846,7;14995,8;22337,9;799,13;2172,3999999999996;5162,4;35158;7043,035;11;23
2021-12-12 00:00:00;20819,3;15523,7;21111,9;989,0;1796,8;3551,2;33155;7146,71;12;0
2021-12-12 01:00:00;20531,5;15805,1;20841,1;843,55;1773,1999999999998;3283,2;31794;7204,113;12;1
2021-12-12 02:00:00;19870,2;16043,1;20349,6;743,03;1725,1999999999998;3552,2;30735;7317,425;12;2
2021-12-12 03:00:00;19238,6;16327,3;19899,0;650,0;1693,9999999999998;2908,2;29832;7436,057;12;3
2021-12-12 04:00:00;18996,0;16490,7;19591,7;697,0;1667,4999999999998;2406,2;29346;7426,26;12;4
2021-12-12 05:00:00;18997,8;16476,6;19779,7;615,0;1667,2999999999997;2626,2;29148;7323,29;12;5
2021-12-12 06:00:00;19607,7;16643,6;20063,7;700,01;1572,1;2625,2;28884;7117,258;12;6
2021-12-12 07:00:00;19567,1;16594,2;20018,9;743,03;1568,7999999999997;2626,2;29062;6901,787;12;7
2021-12-12 08:00:00;19624,5;16983,3;20324,4;649,99;1561,3999999999999;2590,7;30388;6732,935;12;8
2021-12-12 09:00:00;20165,6;17957,3;21558,2;400,01;1568,6999999999996;2871,7;32208;6590,015;12;9
2021-12-12 10:00:00;21044,5;18378,5;22141,4;600,0;1690,9;2875,7;33504;6518,33;12;10
2021-12-12 11:00:00;21709,2;18681,7;22460,2;700,01;1727,8999999999999;2875,7;34180;6438,95;12;11
2021-12-12 12:00:00;20550,2;18116,1;21963,2;700,0;1742,9;2976,7;34372;6271,495;12;12
2021-12-12 13:00:00;20610,2;17913,6;21911,8;743,04;1741,5000000000002;2974,7;34768;6026,93;12;13
2021-12-12 14:00:00;20937,6;17139,9;21503,9;787,03;1734,5999999999997;3134,7;35150;5768,398;12;14
2021-12-12 15:00:00;20676,2;15978,8;21293,0;849,0;1699,5999999999997;3893,7;35182;5503,425;12;15
2021-12-12 16:00:00;20508,4;14443,9;21312,4;843,54;1673,9999999999998;5909,3;35558;5141,13;12;16
2021-12-12 17:00:00;22361,0;13428,5;22786,1;905,89;1759,6000000000001;7819,0;36607;4887,282;12;17
2021-12-12 18:00:00;23328,5;12963,5;23460,0;1204,21;1894,7000000000003;7878,599999999999;37422;4789,81;12;18
2021-12-12 19:00:00;23087,3;12963,8;23220,9;1202,3;1877,7;7881,599999999999;37206;4696,812;12;19
2021-12-12 20:00:00;22839,1;13100,8;22983,5;1200,0;1850,6999999999998;8005,3;36941;4663,27;12;20
2021-12-12 21:00:00;21546,9;12882,6;21860,2;1069,99;1866,3999999999999;7297,2;36404;4651,38;12;21
2021-12-12 22:00:00;21017,0;12992,5;21874,1;958,9;1954,3;7093,5;35799;4748,7;12;22
2021-12-12 23:00:00;20011,9;13075,7;21460,9;893,99;1907,3999999999999;5531,6;34329;4669,04;12;23
2021-12-13 00:00:00;20722,7;13740,4;21006,5;869,29;2104,5;5848,5;32436;4481,512;13;0
2021-12-13 01:00:00;20529,9;13721,4;20814,4;898,55;2085,3;5580,8;30778;4384,95;13;1
2021-12-13 02:00:00;19963,1;13637,2;20318,9;787,03;2023,5;5725,5;29709;4270,692;13;2
2021-12-13 03:00:00;19465,8;13660,1;19824,5;743,03;1982,3;5725,7;29173;4154,715;13;3
2021-12-13 04:00:00;19421,9;13467,7;19792,5;743,04;1987,5;5727,8;28968;3968,94;13;4
2021-12-13 05:00:00;19540,7;13380,4;20140,0;787,03;2015,1;5764,9;29066;3810,988;13;5
2021-12-13 06:00:00;20258,8;14201,8;21341,7;898,55;1920,6;6017,5;29964;3655,943;13;6
2021-12-13 07:00:00;21898,7;14358,3;22792,5;898,55;2137,4;6924,4;32592;3571,97;13;7
2021-12-13 08:00:00;23535,1;12963,4;23847,6;1150,0;2443,7999999999997;9551,800000000001;40224;3527,56;13;8
2021-12-13 09:00:00;25059,4;13219,2;25333,6;1200,34;2548,6000000000004;10168,899999999998;43346;3481,553;13;9
2021-12-13 10:00:00;25575,4;13617,3;25848,4;1201,47;2615,7000000000003;10188,1;43892;3414,995;13;10
2021-12-13 11:00:00;25959,6;13304,4;26086,5;1202,86;2662,8999999999996;10040,1;44268;3537,2;13;11
2021-12-13 12:00:00;24403,3;12997,3;24963,1;949,56;2546,7000000000003;9789,599999999999;42826;3591,71;13;12
2021-12-13 13:00:00;24573,8;12920,2;24845,4;1011,64;2541,9;9583,9;42702;3443,315;13;13
2021-12-13 14:00:00;25057,1;12223,1;25179,1;1205,04;2550,2999999999997;9739,0;43159;3167,632;13;14
2021-12-13 15:00:00;24891,5;11484,7;25014,5;1210,87;2521,0999999999995;9814,8;42795;2910,525;13;15
2021-12-13 16:00:00;25000,3;10918,7;25120,9;1216,26;2504,0;9778,9;42734;2576,41;13;16
2021-12-13 17:00:00;25822,2;10381,2;24623,7;1217,0;2434,499999999999;9740,699999999999;43488;2413,573;13;17
2021-12-13 18:00:00;25376,2;10645,3;24852,3;1217,0;2491,0;9739,5;43362;2502,79;13;18
2021-12-13 19:00:00;24342,8;10827,7;24468,8;1212,54;2429,3999999999996;9739,7;42355;2528,635;13;19
2021-12-13 20:00:00;23743,2;10671,7;23869,1;1211,92;2384,1;9402,8;41372;2494,358;13;20
2021-12-13 21:00:00;23137,8;10649,3;23264,0;1205,63;2370,2999999999997;9596,099999999999;40286;2458,115;13;21
2021-12-13 22:00:00;22482,5;10917,5;22629,1;1198,0;2466,7999999999997;9436,9;39181;2448,352;13;22
2021-12-13 23:00:00;21307,7;10877,1;22123,8;947,56;2380,2;9440,2;37652;2440,267;13;23
2021-12-14 00:00:00;22491,3;11539,3;22739,5;947,55;2207,1000000000004;9580,4;35225;2447,0;14;0
2021-12-14 01:00:00;22413,9;11429,6;22664,5;947,54;2176,5000000000005;10038,0;33112;2414,195;14;1
2021-12-14 02:00:00;21869,0;11512,7;22086,5;873,99;2124,3;9862,999999999998;31929;2344,253;14;2
2021-12-14 03:00:00;21275,8;11680,9;21590,9;785,91;2062,9000000000005;9296,599999999999;31373;2382,342;14;3
2021-12-14 04:00:00;21193,2;11757,1;21506,1;785,91;2058,7;9118,7;31279;2461,715;14;4
2021-12-14 05:00:00;21425,8;11866,5;21706,7;800,0;2073,9;9120,4;31933;2552,832;14;5
2021-12-14 06:00:00;22595,9;12765,7;23134,6;796,13;1955,0;9774,0;33143;2679,66;14;6
2021-12-14 07:00:00;23996,5;12972,2;24188,1;947,55;2108,1000000000004;9877,7;35224;2801,463;14;7
2021-12-14 08:00:00;24477,2;11747,5;24480,1;1210,84;2348,9;9505,4;40058;2935,133;14;8
2021-12-14 09:00:00;25328,3;11629,4;25328,7;1216,63;2355,2000000000003;9522,0;42872;3072,457;14;9
2021-12-14 10:00:00;25826,9;11899,1;25791,0;1217,0;2400,2;9632,300000000001;43954;3196,827;14;10
2021-12-14 11:00:00;26171,4;11964,3;26121,4;1217,0;2415,0;9631,6;44535;3346,96;14;11
2021-12-14 12:00:00;24413,7;11709,2;24417,1;1206,67;2292,7;9177,3;43406;3585,655;14;12
2021-12-14 13:00:00;24485,4;11785,4;24488,9;1208,06;2307,4;8977,1;43365;3890,492;14;13
2021-12-14 14:00:00;25049,7;11757,8;25052,6;1212,35;2302,9;9408,2;43476;4171,25;14;14
2021-12-14 15:00:00;24726,0;11396,0;24728,8;1212,72;2273,0;9415,9;42908;4474,268;14;15
2021-12-14 16:00:00;24878,9;11767,8;24881,8;1209,99;2250,5;9380,5;42977;4707,137;14;16
2021-12-14 17:00:00;25646,3;11662,5;25646,7;1216,05;2276,8;9325,8;43660;5012,162;14;17
2021-12-14 18:00:00;25086,2;12128,3;25089,6;1209,47;2314,9;9333,5;43805;5362,355;14;18
2021-12-14 19:00:00;24171,3;12585,9;24245,4;1074,99;2244,5;9335,3;42793;5576,39;14;19
2021-12-14 20:00:00;23296,9;12577,7;23724,0;998,0;2178,7;9050,1;41924;5795,233;14;20
2021-12-14 21:00:00;22845,7;12756,6;23418,9;939,12;2119,1;9032,9;40795;6080,695;14;21
2021-12-14 22:00:00;22440,8;13399,9;23350,8;896,62;2218,7;8671,7;39365;6278,883;14;22
2021-12-14 23:00:00;21115,1;13724,6;22712,1;670,0;2111,5;8316,0;37839;6413,398;14;23
2021-12-15 00:00:00;22023,2;14148,7;22196,6;900,0;2113,6;6708,7;34667;6515,658;15;0
2021-12-15 01:00:00;21653,6;14133,6;21979,7;785,87;2075,7000000000003;6708,7;33052;6553,06;15;1
2021-12-15 02:00:00;21114,6;14384,5;21496,6;760,99;2049,4;6329,1;32037;6552,67;15;2
2021-12-15 03:00:00;20615,0;14479,7;21308,6;600,01;2001,2;6142,2;31507;6617,445;15;3
2021-12-15 04:00:00;20448,1;14433,3;20874,4;698,02;1983,1000000000001;5711,2;31401;6681,687;15;4
2021-12-15 05:00:00;20698,2;14519,9;20978,8;743,07;2010,1999999999998;5714,2;31778;6716,105;15;5
2021-12-15 06:00:00;22252,6;15277,5;22718,9;761,11;2171,2000000000003;6464,2;32930;6722,445;15;6
2021-12-15 07:00:00;23879,8;15608,4;24459,6;787,03;2747,6;7372,2;35348;6685,18;15;7
2021-12-15 08:00:00;24906,4;14348,6;25800,4;785,87;3007,7;10447,4;40749;6640,043;15;8
2021-12-15 09:00:00;25943,3;13929,7;26198,0;1033,38;2930,7999999999997;10486,5;43734;6661,057;15;9
2021-12-15 10:00:00;26609,3;13979,4;26633,3;1200,0;2993,5;10506,1;44665;6722,553;15;10
2021-12-15 11:00:00;27003,7;13859,1;27007,8;1200,02;3023,6000000000004;10500,8;45190;6750,79;15;11
2021-12-15 12:00:00;25161,6;13495,4;25877,8;914,4;2730,600000000001;10059,6;44161;6655,957;15;12
2021-12-15 13:00:00;25371,5;13377,3;25690,4;999,97;2734,6000000000004;9856,2;44358;6459,908;15;13
2021-12-15 14:00:00;25929,5;12849,9;25932,3;1201,81;2751,0000000000005;10004,6;44561;6216,592;15;14
2021-12-15 15:00:00;25727,0;12459,5;25729,8;1203,13;2869,3;10203,0;44177;5943,507;15;15
2021-12-15 16:00:00;25670,3;12212,7;25673,1;1207,6;2848,3000000000006;9817,3;44096;5608,25;15;16
2021-12-15 17:00:00;26448,1;11799,4;26261,4;1217,0;2825,7000000000003;9823,800000000001;44772;5281,923;15;17
2021-12-15 18:00:00;25676,3;11722,3;25680,2;1211,81;2887,7000000000003;9837,2;44405;5125,69;15;18
2021-12-15 19:00:00;24676,0;11892,7;24680,4;1200,98;2824,5;9842,0;43311;5061,495;15;19
2021-12-15 20:00:00;24047,3;11480,0;24051,3;1200,28;2806,399999999999;9636,9;42435;4976,95;15;20
2021-12-15 21:00:00;23360,8;11481,1;23681,1;1078,41;2748,2000000000007;9831,8;41446;4825,935;15;21
2021-12-15 22:00:00;23048,9;11822,6;23417,1;969,64;2867,600000000001;9673,0;40094;4595,367;15;22
2021-12-15 23:00:00;21806,6;11638,4;22839,5;846,98;2571,5000000000005;9083,0;38134;4756,105;15;23
2021-12-16 00:00:00;22221,8;13102,3;22381,9;900,0;2129,5;7685,6;35715;5043,915;16;0
2021-12-16 01:00:00;21765,3;12945,8;21924,9;913,0;2098,3;7415,4;33857;4889,003;16;1
2021-12-16 02:00:00;21165,0;12989,5;21392,3;785,81;2047,1000000000001;7504,3;32767;4739,735;16;2
2021-12-16 03:00:00;20748,7;13099,1;20972,9;783,99;1996,0999999999997;7202,099999999999;31985;4599,153;16;3
2021-12-16 04:00:00;20651,3;13086,7;20892,7;783,99;1990,2;7202,4;31899;4428,842;16;4
2021-12-16 05:00:00;20946,8;13131,0;21202,9;785,81;2007,7000000000003;7244,7;32560;4272,51;16;5
2021-12-16 06:00:00;22624,2;14049,8;22852,5;897,88;1904,1000000000001;7766,599999999999;33913;4110,15;16;6
2021-12-16 07:00:00;24123,5;14132,6;24282,3;912,62;2094,3;8126,799999999999;36594;3926,3;16;7
2021-12-16 08:00:00;24469,6;12077,3;24471,9;1206,8;2360,7;9588,2;42000;3756,035;16;8
2021-12-16 09:00:00;25523,5;11616,4;25525,7;1216,25;2430,1000000000004;9586,6;44820;3682,15;16;9
2021-12-16 10:00:00;26319,3;11622,3;25811,0;1217,0;2475,6;9710,3;45454;3670,185;16;10
2021-12-16 11:00:00;26489,6;11575,4;25895,5;1217,0;2486,6000000000004;9764,3;45740;3607,053;16;11
2021-12-16 12:00:00;24834,8;11254,4;24836,9;1210,0;2376,7000000000003;9765,7;44369;3422,467;16;12
2021-12-16 13:00:00;25066,8;11211,0;25069,0;1213,5;2405,0000000000005;9570,3;44543;3257,347;16;13
2021-12-16 14:00:00;25711,1;10635,0;24741,5;1217,0;2413,100000000001;9586,7;44799;3081,755;16;14
2021-12-16 15:00:00;25479,3;10258,0;24311,7;1217,0;2394,5000000000005;9587,900000000001;44458;2834,698;16;15
2021-12-16 16:00:00;25811,5;10008,5;23870,4;1217,0;2349,2000000000003;9478,4;44345;2547,603;16;16
2021-12-16 17:00:00;26661,7;9879,5;23527,3;1217,0;2340,0;9423,4;44653;2346,495;16;17
2021-12-16 18:00:00;25876,8;9757,6;23399,4;1217,0;2409,3;9397,6;44286;2378,065;16;18
2021-12-16 19:00:00;24590,8;9857,8;23628,9;1217,0;2357,3;9397,699999999999;43334;2370,295;16;19
2021-12-16 20:00:00;24310,0;9744,4;23462,3;1217,0;2333,0;9398,3;42491;2292,545;16;20
2021-12-16 21:00:00;23566,1;9693,3;23568,2;1216,3;2290,8;9597,4;41563;2259,405;16;21
2021-12-16 22:00:00;22933,5;10039,1;22935,7;1207,88;2386,2;9598,3;40496;2279,267;16;22
2021-12-16 23:00:00;21990,7;10124,2;22263,0;999,99;2294,5;9351,4;38549;2271,335;16;23
2021-12-17 00:00:00;22979,1;10368,7;23217,9;977,84;2257,7000000000007;11461,5;35794;2222,417;17;0
2021-12-17 01:00:00;22468,5;10399,2;22757,5;897,5;2209,7999999999997;11460,900000000001;34065;2190,128;17;1
2021-12-17 02:00:00;21793,0;10634,1;22090,2;824,0;2155,9;10713,2;33085;2100,862;17;2
2021-12-17 03:00:00;21377,2;10759,9;21649,2;785,77;2101,2000000000003;10368,0;32599;2011,295;17;3
2021-12-17 04:00:00;21346,7;10788,7;21557,4;847,12;2106,5000000000005;10297,3;32515;1985,608;17;4
2021-12-17 05:00:00;21752,0;10888,8;21963,4;847,13;2139,0;10295,3;33046;1958,262;17;5
2021-12-17 06:00:00;22916,0;11950,8;23172,4;897,49;2027,4;10639,6;34380;1901,368;17;6
2021-12-17 07:00:00;24521,8;12194,0;24628,4;1031,99;2203,4999999999995;10396,199999999999;37196;1829,393;17;7
2021-12-17 08:00:00;25382,6;10473,1;23865,7;1217,0;2455,4000000000005;9657,5;42332;1791,902;17;8
2021-12-17 09:00:00;26518,3;10022,3;23526,2;1217,0;2533,9;9668,9;44507;1768,74;17;9
2021-12-17 10:00:00;27455,4;10221,8;23701,0;1217,0;2608,4;9624,4;45431;1749,21;17;10
2021-12-17 11:00:00;28010,1;10780,3;24267,8;1217,0;2624,3;9678,8;45810;1776,622;17;11
2021-12-17 12:00:00;25550,1;10433,0;24132,9;1217,0;2485,6000000000004;9678,4;44185;1784,425;17;12
2021-12-17 13:00:00;25030,7;10420,9;23903,5;1217,0;2409,7;9477,7;43677;1738,855;17;13
2021-12-17 14:00:00;26835,7;10069,1;23415,8;1217,0;2478,0;9479,0;44967;1650,302;17;14
2021-12-17 15:00:00;26666,4;9695,4;22985,2;1217,0;2444,9000000000005;9477,3;44580;1533,038;17;15
2021-12-17 16:00:00;26901,0;9491,7;22853,9;1217,0;2394,1000000000004;9589,9;44375;1396,373;17;16
2021-12-17 17:00:00;27676,7;9262,3;22644,7;1217,0;2388,0000000000005;9600,9;44723;1263,565;17;17
2021-12-17 18:00:00;26851,9;9252,8;22633,6;1217,0;2454,3000000000006;9601,3;44183;1234,022;17;18
2021-12-17 19:00:00;25424,5;9307,7;22732,1;1217,0;2388,3;9607,3;43251;1256,718;17;19
2021-12-17 20:00:00;24792,1;8879,3;22224,6;1217,0;2322,2000000000003;9569,5;42469;1294,917;17;20
2021-12-17 21:00:00;24150,7;8838,9;22370,8;1217,0;2284,4;9759,8;41578;1353,78;17;21
2021-12-17 22:00:00;23376,5;8998,9;22686,9;1217,0;2436,7000000000003;9762,0;40615;1402,21;17;22
2021-12-17 23:00:00;22134,3;9314,1;22138,1;1208,44;2344,0;9759,1;39073;1484,565;17;23
2021-12-18 00:00:00;22868,4;9357,9;23071,1;1033,38;2222,8;11880,0;36512;1589,712;18;0
2021-12-18 01:00:00;22530,0;9402,1;22836,6;968,69;2169,4;12126,9;34596;1777,615;18;1
2021-12-18 02:00:00;21895,8;9840,7;22233,2;897,5;2084,4;11584,8;33295;2019,405;18;2
2021-12-18 03:00:00;21310,7;10302,6;21648,1;897,5;2007,1;10626,2;32365;2257,355;18;3
2021-12-18 04:00:00;21078,7;10605,1;21422,8;838,88;1980,0000000000005;10448,2;32070;2562,192;18;4
2021-12-18 05:00:00;21076,5;10903,4;21589,1;761,12;1974,9999999999998;10319,2;32196;2907,5;18;5
2021-12-18 06:00:00;21365,1;11982,7;21875,7;892,01;1986,1;9341,5;32938;3228,5;18;6
2021-12-18 07:00:00;22087,7;12890,3;23006,8;669,99;2051,3;9657,8;34261;3470,708;18;7
2021-12-18 08:00:00;23346,4;12120,9;23549,2;994,97;2221,4;9963,2;37870;3690,177;18;8
2021-12-18 09:00:00;24337,4;12452,5;24370,2;1159,99;2403,600000000001;10036,0;40384;3979,148;18;9
2021-12-18 10:00:00;25360,7;12602,2;25364,7;1205,76;2494,7999999999997;10020,5;41482;4327,408;18;10
2021-12-18 11:00:00;25717,8;12724,6;25721,7;1209,32;2529,3999999999996;9794,3;42040;4635,595;18;11
2021-12-18 12:00:00;24303,6;12698,4;24409,9;1033,39;2511,1;9424,7;41417;4941,507;18;12
2021-12-18 13:00:00;24357,4;12825,2;24407,7;1148,07;2524,6000000000004;9230,3;41518;5247,578;18;13
2021-12-18 14:00:00;24024,3;12739,6;24030,1;1200,27;2554,3999999999996;9010,6;41571;5483,19;18;14
2021-12-18 15:00:00;23473,8;12416,2;23544,5;1088,28;2530,7;9031,7;40855;5675,372;18;15
2021-12-18 16:00:00;23477,1;12170,6;23580,7;1049,99;2491,600000000001;9376,5;40893;5830,07;18;16
2021-12-18 17:00:00;23931,1;11659,2;23941,0;1202,75;2469,6;9711,2;41358;5961,182;18;17
2021-12-18 18:00:00;24107,4;11703,3;24111,3;1203,58;2498,7;9701,900000000001;41320;6138,572;18;18
2021-12-18 19:00:00;23455,5;12037,4;23670,3;994,98;2396,1;9698,7;40527;6299,482;18;19
2021-12-18 20:00:00;23001,5;12334,3;23279,5;994,97;2334,9;9457,4;39711;6438,322;18;20
2021-12-18 21:00:00;22296,8;12418,5;22730,9;966,61;2275,100000000001;8898,3;38832;6579,65;18;21
2021-12-18 22:00:00;21753,8;12846,1;22465,4;897,49;2221,2000000000003;8685,0;37544;6719,367;18;22
2021-12-18 23:00:00;20823,9;13032,2;21897,6;770,01;2127,1;7618,3;35426;7041,165;18;23
2021-12-19 00:00:00;19190,2;10921,7;19335,1;999,99;2196,0;5758,2;34726;7419,09;19;0
2021-12-19 01:00:00;18841,7;11163,9;19031,8;897,5;2138,7999999999997;6107,4;33288;7499,125;19;1
2021-12-19 02:00:00;18002,0;11526,6;18175,9;860,0;2069,2;5441,8;32076;7554,988;19;2
2021-12-19 03:00:00;17258,9;11744,8;17423,5;824,22;2009,4999999999998;4779,1;30941;7639,89;19;3
2021-12-19 04:00:00;17102,2;12071,0;17271,5;813,3;1993,0999999999997;4026,7;30346;7720,898;19;4
2021-12-19 05:00:00;17060,6;12176,2;17248,1;796,13;1977,4;4033,0999999999995;30089;7707,348;19;5
2021-12-19 06:00:00;17923,5;12724,3;18130,9;796,12;2044,3;4524,299999999999;30127;7630,648;19;6
2021-12-19 07:00:00;18273,6;12873,3;18775,8;600,0;2152,1;5154,0;30072;7485,685;19;7
2021-12-19 08:00:00;18331,7;12725,8;19329,0;400,0;2171,3999999999996;5909,2;31589;7331,663;19;8
2021-12-19 09:00:00;19013,9;12466,4;19335,1;796,13;2217,3;5908,8;32932;7205,265;19;9
2021-12-19 10:00:00;20301,8;12062,9;20424,6;1024,99;2480,3;6305,3;33927;7170,098;19;10
2021-12-19 11:00:00;21087,5;12114,4;21459,1;1000,0;2500,7;7216,3;34559;7195,335;19;11
2021-12-19 12:00:00;20612,4;11467,0;20990,5;984,99;2505,1000000000004;7539,299999999999;34753;7074,083;19;12
2021-12-19 13:00:00;20511,0;11068,6;20879,2;1014,99;2352,3000000000006;7740,1;35088;6831,5;19;13
2021-12-19 14:00:00;20612,6;10581,5;20899,7;1099,98;2362,8;8229,8;35237;6551,347;19;14
2021-12-19 15:00:00;20584,1;10049,8;20870,7;1099,99;2361,8;8535,3;35130;6120,897;19;15
2021-12-19 16:00:00;20917,0;9509,0;21292,1;1000,01;2498,5;9569,5;35595;5484,918;19;16
2021-12-19 17:00:00;22343,3;8809,4;22352,9;1212,35;2575,9;10116,6;36601;4836,43;19;17
2021-12-19 18:00:00;23366,6;8562,4;23311,5;1217,0;2723,4;11003,0;37535;4435,172;19;18
2021-12-19 19:00:00;23040,0;8278,6;23021,3;1217,0;2711,7000000000003;10999,7;37423;3976,01;19;19
2021-12-19 20:00:00;22566,3;7924,7;22154,9;1217,0;2672,1000000000004;10445,800000000001;37149;3418,003;19;20
2021-12-19 21:00:00;21531,5;7547,1;21394,6;1217,0;2645,9;10074,5;36633;2894,36;19;21
2021-12-19 22:00:00;21042,6;7399,1;21052,2;1215,13;2763,6;10071,5;35541;2486,8;19;22
2021-12-19 23:00:00;19679,9;7333,3;19721,7;1150,01;2508,2;9124,0;34543;2305,305;19;23
2021-12-20 00:00:00;19015,2;7338,2;19245,7;999,98;2040,2999999999997;10640,6;33036;2146,697;20;0
2021-12-20 01:00:00;18670,8;7460,1;18914,4;949,98;2025,4;10640,0;31590;1994,405;20;1
2021-12-20 02:00:00;18048,4;7782,2;18297,1;899,01;1972,4999999999995;9778,6;30557;1937,79;20;2
2021-12-20 03:00:00;17600,5;7835,5;17778,9;806,54;1922,9999999999998;9657,2;29883;1890,827;20;3
2021-12-20 04:00:00;17423,3;7854,6;17748,3;796,13;1936,4999999999998;9655,5;29559;1854,37;20;4
2021-12-20 05:00:00;17793,3;7956,3;17961,1;838,69;1964,8;9656,2;29716;1739,18;20;5
2021-12-20 06:00:00;19267,3;8967,0;19411,1;1033,39;1893,4;9255,4;30397;1599,52;20;6
2021-12-20 07:00:00;20736,8;9328,7;20746,9;1207,74;2129,9000000000005;8306,0;32967;1564,085;20;7
2021-12-20 08:00:00;22976,4;8148,7;19836,9;1217,0;2390,5;8046,3;41015;1565,713;20;8
2021-12-20 09:00:00;25040,8;8423,6;21188,8;1217,0;2467,5999999999995;8971,000000000002;44204;1522,51;20;9
2021-12-20 10:00:00;26446,2;9082,4;21813,6;1217,0;2534,1;8977,2;45300;1469,317;20;10
2021-12-20 11:00:00;27442,8;9711,2;22550,5;1217,0;2587,3000000000006;9178,400000000001;45896;1492,31;20;11
2021-12-20 12:00:00;25964,0;9713,6;22683,6;1217,0;2506,8000000000006;9173,5;45055;1559,298;20;12
2021-12-20 13:00:00;26234,3;9763,6;22511,3;1217,0;2510,5000000000005;8972,1;45221;1579,938;20;13
2021-12-20 14:00:00;27088,7;9509,9;22079,0;1217,0;2522,3999999999996;8971,0;45246;1565,433;20;14
2021-12-20 15:00:00;26740,9;8999,2;21567,4;1217,0;2493,8;8969,8;44678;1512,955;20;15
2021-12-20 16:00:00;26956,0;8567,2;21084,2;1217,0;2441,8;8985,8;44495;1373,258;20;16
2021-12-20 17:00:00;27521,9;8278,9;20811,4;1217,0;2401,2999999999997;8995,900000000001;44812;1293,845;20;17
2021-12-20 18:00:00;26712,6;8308,1;20918,3;1217,0;2454,1;8990,4;44385;1393,533;20;18
2021-12-20 19:00:00;25191,5;8359,1;21014,0;1217,0;2381,7;8994,8;43441;1496,5;20;19
2021-12-20 20:00:00;24504,1;8240,6;20692,5;1217,0;2374,4;8801,6;42422;1612,63;20;20
2021-12-20 21:00:00;23404,8;8046,4;20766,6;1217,0;2315,7000000000003;9147,2;41635;1759,928;20;21
2021-12-20 22:00:00;22166,3;7959,4;20985,9;1217,0;2406,7;9154,6;40255;1912,937;20;22
2021-12-20 23:00:00;20376,8;7987,2;20378,9;1210,34;2314,5;9157,900000000001;38543;2145,085;20;23
2021-12-21 00:00:00;20426,8;8707,1;20553,4;1090,0;2254,3;9529,6;37983;2335,778;21;0
2021-12-21 01:00:00;20071,2;8911,4;20294,7;1013,43;2183,6;9616,099999999999;35920;2292,613;21;1
2021-12-21 02:00:00;19386,2;9093,4;19633,3;931,98;2112,7;9615,9;34319;2191,963;21;2
2021-12-21 03:00:00;18806,0;9230,9;19137,0;847,12;2050,7000000000003;9616,3;33341;2077,33;21;3
2021-12-21 04:00:00;18858,9;8936,3;19149,2;889,79;2027,3000000000004;9621,499999999998;32955;1946,005;21;4
2021-12-21 05:00:00;19073,5;8940,5;19313,0;913,17;2041,4;9624,599999999999;33213;1798,52;21;5
2021-12-21 06:00:00;20833,4;9766,6;21019,9;999,98;2094,3000000000006;9529,5;34460;1727,657;21;6
2021-12-21 07:00:00;22364,6;10137,2;22389,7;1195,97;2204,8;9021,9;37440;1626,972;21;7
2021-12-21 08:00:00;24630,3;8969,8;21956,1;1217,0;2515,8999999999996;9527,5;42534;1525,967;21;8
2021-12-21 09:00:00;26449,9;9041,3;21947,8;1217,0;2648,3000000000006;9514,7;45560;1426,77;21;9
2021-12-21 10:00:00;27536,3;9662,6;22521,8;1217,0;2663,9000000000005;9482,300000000001;46713;1389,425;21;10
2021-12-21 11:00:00;28245,1;10294,3;23402,5;1217,0;2708,6000000000004;9495,300000000001;47258;1414,773;21;11
2021-12-21 12:00:00;26666,7;10423,1;23571,7;1217,0;2648,8;9486,2;46791;1457,09;21;12
2021-12-21 13:00:00;26789,6;10618,9;23585,9;1217,0;2665,7000000000003;9286,900000000001;46848;1496,878;21;13
2021-12-21 14:00:00;27699,1;10395,4;23301,2;1217,0;2714,3;9273,4;46825;1479,205;21;14
2021-12-21 15:00:00;27537,6;9824,2;22713,1;1217,0;2704,5;9273,3;46422;1406,365;21;15
2021-12-21 16:00:00;27580,4;8870,2;21697,0;1217,0;2707,4999999999995;9234,8;46331;1264,505;21;16
2021-12-21 17:00:00;28356,1;8187,3;21107,7;1217,0;2683,1;9253,3;46649;1209,61;21;17
2021-12-21 18:00:00;27609,7;8308,5;21245,7;1217,0;2639,1000000000004;9249,8;46261;1291,923;21;18
2021-12-21 19:00:00;25998,8;8363,7;21270,1;1217,0;2534,4000000000005;9244,7;45378;1306,998;21;19
2021-12-21 20:00:00;25531,5;8137,0;20749,8;1217,0;2479,5;9251,7;44648;1340,912;21;20
2021-12-21 21:00:00;24324,7;7879,0;20904,2;1217,0;2386,8;9669,800000000001;43680;1405,165;21;21
2021-12-21 22:00:00;22899,3;7877,2;21096,4;1217,0;2415,8;9696,3;42567;1502,185;21;22
2021-12-21 23:00:00;20781,2;8023,6;20785,1;1210,17;2288,7;9707,099999999999;40531;1537,828;21;23
2021-12-22 00:00:00;21200,0;8528,0;21227,0;1179,0;2213,7;11241,3;37388;1516,233;22;0
2021-12-22 01:00:00;20763,1;8541,9;20987,0;999,97;2169,9;11326,2;35596;1490,455;22;1
2021-12-22 02:00:00;20021,9;8816,6;20764,1;847,11;2310,9;11326,5;34395;1445,728;22;2
2021-12-22 03:00:00;19395,6;8948,6;20594,4;797,86;2659,3999999999996;11254,1;33487;1413,622;22;3
2021-12-22 04:00:00;19186,6;8971,5;20410,6;700,0;2627,2000000000007;11253,9;33224;1408,58;22;4
2021-12-22 05:00:00;19459,7;8892,7;20608,9;799,0;2623,7999999999997;11258,2;33411;1375,043;22;5
2021-12-22 06:00:00;20947,2;9587,9;21555,8;949,99;2501,4000000000005;11252,400000000001;34515;1314,032;22;6
2021-12-22 07:00:00;22739,2;9449,1;22743,1;1209,12;2248,6;10939,8;37089;1237,815;22;7
2021-12-22 08:00:00;25373,3;8253,0;21170,8;1217,0;2494,5;10217,000000000002;42168;1171,843;22;8
2021-12-22 09:00:00;27406,3;9102,9;21894,2;1217,0;2698,2;10110,599999999999;45157;1083,65;22;9
2021-12-22 10:00:00;28483,8;9815,8;22718,8;1217,0;2743,9;10102,8;46564;968,255;22;10
2021-12-22 11:00:00;29047,8;10341,5;23419,1;1217,0;2839,4;10271,599999999999;47157;838,843;22;11
2021-12-22 12:00:00;27296,3;10105,4;23249,5;1217,0;2774,4;10287,7;46605;669,852;22;12
2021-12-22 13:00:00;27417,2;10068,2;22973,2;1217,0;2818,2999999999997;10093,5;46778;557,197;22;13
2021-12-22 14:00:00;28597,6;9846,8;22616,7;1217,0;2839,9;10073,0;46932;504,595;22;14
2021-12-22 15:00:00;28465,0;9066,5;21740,4;1217,0;2880,9999999999995;10070,099999999999;46521;495,618;22;15
2021-12-22 16:00:00;29132,4;8150,4;20743,7;1217,0;2911,5000000000005;10080,4;46365;518,692;22;16
2021-12-22 17:00:00;29935,9;7364,6;20003,0;1217,0;2850,3;10076,499999999998;46563;604,965;22;17
2021-12-22 18:00:00;29080,5;7373,7;20015,8;1217,0;2773,8;10078,899999999998;46042;772,015;22;18
2021-12-22 19:00:00;27526,3;7526,0;20196,0;1217,0;2653,0999999999995;10084,2;45276;848,182;22;19
2021-12-22 20:00:00;26508,7;7333,8;19775,8;1217,0;2606,9;9908,0;44574;876,545;22;20
2021-12-22 21:00:00;25354,5;7064,4;19816,8;1217,0;2540,1;10229,5;43769;917,535;22;21
2021-12-22 22:00:00;23597,7;6997,6;19980,3;1217,0;2533,8999999999996;10248,8;42828;931,632;22;22
2021-12-22 23:00:00;21161,6;7075,1;20459,5;1217,0;2381,3;10356,9;41114;1025,01;22;23
2021-12-23 00:00:00;21474,5;7637,6;21478,4;1200,93;2193,0;11847,4;37702;1246,908;23;0
2021-12-23 01:00:00;21018,5;7781,2;21245,1;979,99;2169,2999999999997;11929,0;35344;1281,095;23;1
2021-12-23 02:00:00;20267,0;8084,8;20783,3;847,12;2113,1000000000004;11364,0;33920;1360,052;23;2
2021-12-23 03:00:00;19627,5;8337,2;20149,2;824,21;2050,7000000000003;10900,0;32855;1418,868;23;3
2021-12-23 04:00:00;19396,3;8459,6;19920,8;824,21;2028,7000000000003;10543,6;32600;1531,45;23;4
2021-12-23 05:00:00;19624,2;8491,1;19959,1;824,22;2040,1000000000001;10548,3;32901;1671,245;23;5
2021-12-23 06:00:00;20843,0;9227,2;21221,5;847,13;2087,7999999999997;10711,0;34174;1775,13;23;6
2021-12-23 07:00:00;22028,0;9439,2;22350,9;847,13;2257,4000000000005;11533,999999999998;37571;1837,595;23;7
2021-12-23 08:00:00;25204,0;8802,4;22064,7;1217,0;2639,2000000000003;10586,699999999999;43679;1881,475;23;8
2021-12-23 09:00:00;27313,0;9824,0;22933,3;1217,0;2826,6;10510,699999999999;46684;1859,202;23;9
2021-12-23 10:00:00;28324,7;10453,3;23516,6;1217,0;2908,100000000001;10504,3;47532;1792,295;23;10
2021-12-23 11:00:00;28676,2;11066,8;24272,2;1217,0;2937,000000000001;10676,8;47850;1741,428;23;11
2021-12-23 12:00:00;26772,2;10766,9;24006,2;1217,0;2820,4;10691,9;47076;1659,502;23;12
2021-12-23 13:00:00;26806,8;10766,8;23832,7;1217,0;2871,2000000000003;10497,0;47105;1567,97;23;13
2021-12-23 14:00:00;27789,5;10660,2;23657,3;1217,0;2982,6000000000004;10469,599999999999;47159;1499,973;23;14
2021-12-23 15:00:00;27674,3;10182,1;23184,7;1217,0;2986,6;10466,5;46508;1427,742;23;15
2021-12-23 16:00:00;28275,4;9534,0;22556,4;1217,0;3014,7000000000003;10478,7;46332;1336,383;23;16
2021-12-23 17:00:00;29218,8;9041,9;22062,9;1217,0;2948,0;10480,4;46433;1364,92;23;17
2021-12-23 18:00:00;28621,5;9003,4;22022,8;1217,0;2904,7;10489,7;45778;1514,428;23;18
2021-12-23 19:00:00;27100,3;8945,4;21992,1;1217,0;2720,6;10494,900000000001;44762;1494,635;23;19
2021-12-23 20:00:00;26349,5;8336,8;21142,3;1217,0;2662,5;10299,7;43839;1409,495;23;20
2021-12-23 21:00:00;25172,1;7968,5;21061,3;1217,0;2583,1;10571,3;42896;1321,565;23;21
2021-12-23 22:00:00;23341,4;7870,9;21105,0;1217,0;2486,7;10588,0;41784;1210,54;23;22
2021-12-23 23:00:00;21027,1;7941,5;21031,0;1205,93;2314,1;10723,800000000001;40143;1120,38;23;23
2021-12-24 00:00:00;21320,8;7245,4;21324,7;1201,9;2203,1000000000004;11954,0;36643;1086,27;24;0
2021-12-24 01:00:00;20882,6;7268,6;20950,8;1045,95;2172,4;12035,4;34548;1097,082;24;1
2021-12-24 02:00:00;20090,5;7400,5;20355,1;844,97;2111,6;12034,8;33196;1162,79;24;2
2021-12-24 03:00:00;19499,4;7636,6;19823,0;749,99;2067,1;12035,4;32532;1263,675;24;3
2021-12-24 04:00:00;19285,4;7811,6;19893,9;705,0;2056,7000000000003;11936,699999999999;32445;1372,407;24;4
2021-12-24 05:00:00;19417,8;7876,9;19975,1;743,06;2060,3;11939,699999999999;32844;1519,003;24;5
2021-12-24 06:00:00;20907,5;8620,5;21192,4;799,99;2135,2999999999997;11822,6;34039;1708,835;24;6
2021-12-24 07:00:00;22268,3;9095,7;22272,2;1201,9;2286,7000000000003;11384,0;37064;1918,575;24;7
2021-12-24 08:00:00;25018,5;8750,6;21967,5;1217,0;2573,8;10655,0;42985;2121,062;24;8
2021-12-24 09:00:00;27122,8;9974,5;23099,7;1217,0;2731,0;10547,3;45990;2230,713;24;9
2021-12-24 10:00:00;27889,9;11033,4;24189,7;1217,0;2793,6;10535,2;46703;2295,9;24;10
2021-12-24 11:00:00;28024,4;11844,1;24975,8;1217,0;2749,5;10527,0;47000;2436,118;24;11
2021-12-24 12:00:00;25249,3;11890,9;25251,4;1216,02;2654,0;10560,599999999999;45828;2600,497;24;12
2021-12-24 13:00:00;24550,4;12072,8;24552,6;1205,05;2557,9;10361,3;45677;2746,48;24;13
2021-12-24 14:00:00;26544,0;11943,2;24927,2;1217,0;2714,1000000000004;10322,4;46379;2845,725;24;14
2021-12-24 15:00:00;26389,7;11127,6;24126,5;1217,0;2718,0;10316,3;46001;2908,863;24;15
2021-12-24 16:00:00;26820,2;10354,6;23362,0;1217,0;2727,2999999999997;10322,5;45979;3028,825;24;16
2021-12-24 17:00:00;27988,6;9782,1;22805,4;1217,0;2688,6;10338,0;46139;3341,945;24;17
2021-12-24 18:00:00;27319,9;9620,6;22687,0;1217,0;2629,8;10360,4;45414;3594,748;24;18
2021-12-24 19:00:00;25695,7;9791,8;22956,8;1217,0;2555,8;10437,3;44320;3652,383;24;19
2021-12-24 20:00:00;24890,6;9190,6;21600,6;1217,0;2495,4;9842,7;43409;3674,32;24;20
2021-12-24 21:00:00;23574,9;8854,5;21464,4;1217,0;2419,6000000000004;10031,3;42252;3715,557;24;21
2021-12-24 22:00:00;22025,3;8621,7;21794,3;1217,0;2344,0;10089,1;41114;3768,975;24;22
2021-12-24 23:00:00;19963,5;8765,3;20294,1;844,98;2199,7000000000003;10090,3;39402;3788,23;24;23
2021-12-25 00:00:00;20494,4;8762,5;20573,3;1033,38;2203,2;8707,3;36129;3835,762;25;0
2021-12-25 01:00:00;19855,9;8827,1;20018,3;942,01;2173,1;8791,5;34171;3896,855;25;1
2021-12-25 02:00:00;19137,2;8921,5;19368,1;899,99;2099,7000000000003;9020,6;32632;3941,18;25;2
2021-12-25 03:00:00;18475,7;9167,3;18740,9;794,98;2053,5;8711,7;31645;4008,357;25;3
2021-12-25 04:00:00;18244,5;9248,7;18507,3;794,97;2038,6000000000001;8742,5;31273;4087,43;25;4
2021-12-25 05:00:00;18400,9;9324,9;18664,0;794,97;2045,9999999999998;8742,599999999999;31441;4167,705;25;5
2021-12-25 06:00:00;19278,1;9761,8;19504,3;797,69;2035,3999999999999;8742,7;32255;4259,538;25;6
2021-12-25 07:00:00;20563,3;10321,5;20778,0;844,98;2020,6;8619,2;33687;4377,08;25;7
2021-12-25 08:00:00;21556,5;9946,5;21574,3;1154,08;2186,5;9798,5;37234;4529,03;25;8
2021-12-25 09:00:00;22922,1;11031,7;23040,8;1000,0;2385,4;10202,5;40015;4611,965;25;9
2021-12-25 10:00:00;24154,0;12065,3;24267,4;1000,0;2445,900000000001;10193,4;41086;4581,377;25;10
2021-12-25 11:00:00;24306,4;12547,5;24548,8;965,26;2434,4000000000005;10246,5;41656;4668,162;25;11
2021-12-25 12:00:00;22786,9;12856,0;23719,2;839,27;2412,2;9370,2;41255;4888,44;25;12
2021-12-25 13:00:00;22356,6;12985,1;23476,7;800,0;2405,6;9023,1;41340;4988,553;25;13
2021-12-25 14:00:00;21810,1;12534,7;22581,1;800,0;2414,2000000000003;8814,5;41256;4970,678;25;14
2021-12-25 15:00:00;21009,4;11628,7;21611,8;844,98;2390,6000000000004;8688,1;40842;4824,788;25;15
2021-12-25 16:00:00;21251,0;10442,5;21296,8;1150,01;2395,4000000000005;8862,8;40462;4670,538;25;16
2021-12-25 17:00:00;22560,2;9896,5;22414,3;1217,0;2391,3;8859,8;40748;4740,88;25;17
2021-12-25 18:00:00;23026,4;9952,7;22401,5;1217,0;2447,0;8867,5;40717;4876,93;25;18
2021-12-25 19:00:00;22235,6;10042,6;22239,5;1212,47;2381,5;8870,400000000001;39893;4974,703;25;19
2021-12-25 20:00:00;21715,7;10084,7;21719,6;1208,95;2354,9;8535,1;39283;5030,155;25;20
2021-12-25 21:00:00;20731,1;9852,0;20735,1;1200,63;2298,9;8473,5;38338;5044,945;25;21
2021-12-25 22:00:00;19544,8;9745,6;19833,3;899,99;2197,8;8026,9;37564;5077,6;25;22
2021-12-25 23:00:00;18150,6;9807,9;19049,8;824,22;2097,4;7133,5;36099;5176,885;25;23
2021-12-26 00:00:00;19951,4;9538,3;19966,7;1211,03;2097,4;8632,4;34796;5337,648;26;0
2021-12-26 01:00:00;19705,7;9747,9;19763,8;1045,95;2059,0;8987,4;33342;5436,278;26;1
2021-12-26 02:00:00;18776,4;9908,6;18921,0;800,0;1986,3000000000002;8422,5;31935;5505,347;26;2
2021-12-26 03:00:00;18079,9;10034,9;18240,4;799,99;1939,8;7623,5;30881;5597,307;26;3
2021-12-26 04:00:00;17825,1;10196,2;18190,9;670,0;1920,5;7566,5;30277;5707,848;26;4
2021-12-26 05:00:00;17788,8;10300,9;18137,1;699,99;1915,6000000000004;7349,0;29884;5773,87;26;5
2021-12-26 06:00:00;18195,2;10581,6;18420,3;725,0;1863,8000000000004;7348,9;29915;5771,37;26;6
2021-12-26 07:00:00;18542,4;10935,1;18670,0;868,45;1898,0;6736,3;29897;5765,93;26;7
2021-12-26 08:00:00;18650,8;11307,2;18793,8;800,0;1883,6999999999996;6731,1;31225;5765,06;26;8
2021-12-26 09:00:00;19355,0;12000,8;19538,2;797,64;1944,3999999999996;6728,1;33470;5777,708;26;9
2021-12-26 10:00:00;20351,2;12450,8;20481,8;899,99;2082,1;7124,5;35035;5822,62;26;10
2021-12-26 11:00:00;20926,0;12705,8;21073,7;825,01;2170,1;7456,0;36072;5903,975;26;11
2021-12-26 12:00:00;20554,8;12427,7;20825,9;797,64;2182,9;7455,2;36252;6028,808;26;12
2021-12-26 13:00:00;20726,8;12556,1;20900,9;825,01;2198,2999999999997;7445,3;36799;6057,745;26;13
2021-12-26 14:00:00;20604,9;12131,9;20971,5;797,64;2203,1000000000004;8011,1;36998;5980,962;26;14
2021-12-26 15:00:00;20654,8;11332,1;20841,3;993,34;2207,5;8529,6;36991;5783,138;26;15
2021-12-26 16:00:00;20944,3;10090,5;21177,2;898,89;2217,8;9983,8;37103;5457,828;26;16
2021-12-26 17:00:00;22201,1;9279,8;21391,4;1217,0;2272,4;10549,8;38023;5199,1;26;17
2021-12-26 18:00:00;23393,6;9170,5;21302,3;1217,0;2369,3;10557,3;38505;5101,96;26;18
2021-12-26 19:00:00;23156,7;9249,9;21431,4;1217,0;2361,1;10553,3;38209;5024,618;26;19
2021-12-26 20:00:00;22525,2;9224,4;21247,1;1217,0;2335,1;10253,1;38030;4944,303;26;20
2021-12-26 21:00:00;21338,5;8721,8;20801,4;1217,0;2274,4;10141,1;37257;4829,127;26;21
2021-12-26 22:00:00;20085,1;8630,1;20094,7;1205,45;2185,0000000000005;9006,1;36921;4755,52;26;22
2021-12-26 23:00:00;18945,7;8825,5;19479,3;914,28;2095,1000000000004;7879,2;35670;4846,565;26;23
2021-12-27 00:00:00;17912,1;8722,0;18230,2;915,28;1998,5;8216,4;33845;4986,82;27;0
2021-12-27 01:00:00;18012,9;8803,7;18292,4;868,45;1965,8000000000004;8581,5;31678;4978,243;27;1
2021-12-27 02:00:00;17361,0;9075,6;17582,6;839,12;1910,3;7561,599999999999;30394;4967,927;27;2
2021-12-27 03:00:00;16809,3;9163,6;17080,8;797,55;1865,3000000000004;7161,7;29564;4932,032;27;3
2021-12-27 04:00:00;16617,2;9187,5;16904,9;794,97;1858,3000000000002;7142,299999999999;29303;4908,497;27;4
2021-12-27 05:00:00;16880,9;9160,3;17163,1;799,99;1881,6;7144,7;29499;4942,71;27;5
2021-12-27 06:00:00;18204,1;9761,3;18439,8;797,56;1925,3000000000002;7884,599999999999;30602;4957,02;27;6
2021-12-27 07:00:00;20201,5;10042,9;20375,4;970,78;2093,0000000000005;8744,899999999998;33302;4993,995;27;7
2021-12-27 08:00:00;22402,4;9611,2;21958,2;1217,0;2413,7;10143,0;40493;4985,412;27;8
2021-12-27 09:00:00;24079,1;10023,0;23098,0;1217,0;2596,2000000000003;10211,9;45717;4920,615;27;9
2021-12-27 10:00:00;25069,5;11185,2;24095,7;1217,0;2639,8999999999996;9953,599999999999;47750;4829,628;27;10
2021-12-27 11:00:00;25259,2;11629,3;24538,1;1217,0;2666,8;9948,000000000002;48489;4820,19;27;11
2021-12-27 12:00:00;23922,6;11724,3;23943,3;1150,01;2556,7999999999997;9639,2;47698;4967,983;27;12
2021-12-27 13:00:00;23937,3;11889,0;23954,4;1198,0;2589,5000000000005;9434,4;47704;5042,298;27;13
2021-12-27 14:00:00;24536,5;11647,7;24538,5;1216,99;2631,8999999999996;9568,9;47600;4986,23;27;14
2021-12-27 15:00:00;24300,5;10928,4;23786,8;1217,0;2592,8;9707,0;46944;4842,125;27;15
2021-12-27 16:00:00;24576,8;10062,3;22664,3;1217,0;2581,4000000000005;9861,8;46430;4611,85;27;16
2021-12-27 17:00:00;25556,9;9544,8;22131,1;1217,0;2532,399999999999;9893,699999999999;46589;4509,155;27;17
2021-12-27 18:00:00;24965,4;9309,5;22146,4;1217,0;2523,9000000000005;10127,1;45859;4656,785;27;18
2021-12-27 19:00:00;23704,8;9386,2;22301,5;1217,0;2415,9;10139,099999999999;44654;4755,5;27;19
2021-12-27 20:00:00;23155,9;9422,8;22161,4;1217,0;2356,6;9928,0;43650;4824,102;27;20
2021-12-27 21:00:00;22186,0;8978,6;21951,6;1217,0;2295,2;9872,3;42445;4876,627;27;21
2021-12-27 22:00:00;21041,1;8919,6;21053,2;1200,01;2275,7;9621,3;41250;4979,413;27;22
2021-12-27 23:00:00;19598,7;9016,4;19874,1;896,01;2165,2000000000003;8537,0;39670;5189,128;27;23
2021-12-28 00:00:00;19468,0;9215,2;19724,5;999,99;2198,7999999999997;9135,4;34843;5441,48;28;0
2021-12-28 01:00:00;19032,1;9293,6;19324,2;824,22;2158,4;9137,0;33167;5587,778;28;1
2021-12-28 02:00:00;18276,2;9398,7;18618,6;796,13;2120,4;8338,6;32217;5621,282;28;2
2021-12-28 03:00:00;17715,1;9455,8;18000,0;794,97;2064,6;7795,7;31486;5596,875;28;3
2021-12-28 04:00:00;17670,1;9493,1;17960,1;794,56;2066,1000000000004;7793,9;31252;5530,755;28;4
2021-12-28 05:00:00;17907,4;9462,1;18145,1;813,3;2080,6;7795,3;31584;5504,587;28;5
2021-12-28 06:00:00;19038,1;10159,9;19231,8;899,97;2038,7999999999995;8118,1;32746;5482,565;28;6
2021-12-28 07:00:00;20538,2;10848,9;21309,9;838,97;2170,4;9050,7;35668;5416,908;28;7
2021-12-28 08:00:00;22994,0;10315,4;22997,8;1209,6;2451,4;10496,099999999999;41777;5404,963;28;8
2021-12-28 09:00:00;24301,6;10344,9;23590,5;1217,0;2584,4;10587,099999999999;45555;5399,633;28;9
2021-12-28 10:00:00;25176,1;11231,2;24296,1;1217,0;2614,3;10312,7;46656;5358,055;28;10
2021-12-28 11:00:00;25621,9;11594,5;24776,5;1217,0;2619,2999999999997;10426,6;47175;5350,877;28;11
2021-12-28 12:00:00;24113,8;11406,3;24177,2;1097,12;2480,2;10305,2;46461;5417,885;28;12
2021-12-28 13:00:00;24026,3;11427,9;24078,8;1150,0;2496,2;10104,099999999999;46420;5394,177;28;13
2021-12-28 14:00:00;24817,6;11585,3;24664,0;1217,0;2527,3999999999996;10080,2;46414;5188,543;28;14
2021-12-28 15:00:00;24917,2;10886,2;23853,5;1217,0;2511,9;10197,5;45826;4838,307;28;15
2021-12-28 16:00:00;25428,2;10276,1;23049,9;1217,0;2468,8999999999996;10250,300000000001;45501;4420,635;28;16
2021-12-28 17:00:00;26617,4;9922,4;22670,4;1217,0;2455,0;10253,0;45696;4162,183;28;17
2021-12-28 18:00:00;25997,9;9576,1;22619,6;1217,0;2474,5;10538,400000000001;45257;4194,937;28;18
2021-12-28 19:00:00;24482,4;9292,9;22330,0;1217,0;2394,2000000000003;10541,2;44086;4269,182;28;19
2021-12-28 20:00:00;23460,5;9033,0;21801,6;1217,0;2337,9;10234,699999999999;43015;4204,9;28;20
2021-12-28 21:00:00;22317,3;8639,3;21818,8;1217,0;2266,5;10428,900000000001;41790;4094,093;28;21
2021-12-28 22:00:00;21190,7;8337,0;21194,4;1200,66;2268,3;10445,1;40232;4038,692;28;22
2021-12-28 23:00:00;19809,5;8358,9;20042,7;949,89;2177,7;9908,7;38131;4064,49;28;23
2021-12-29 00:00:00;19509,9;7867,7;19821,9;984,98;2206,7999999999997;10226,8;36675;4116,433;29;0
2021-12-29 01:00:00;19289,0;7776,6;19536,2;984,98;2175,9;10427,7;34003;4117,665;29;1
2021-12-29 02:00:00;18454,2;7716,7;18763,5;898,98;2115,4;10234,2;32572;4132,817;29;2
2021-12-29 03:00:00;17968,8;7811,4;18347,8;800,94;2076,5;9972,3;31640;4176,493;29;3
2021-12-29 04:00:00;17789,7;7876,1;18174,1;800,95;2065,4;9635,9;31623;4217,645;29;4
2021-12-29 05:00:00;18026,7;8037,4;18368,6;850,01;2065,7999999999997;9640,9;31944;4276,047;29;5
2021-12-29 06:00:00;19238,2;8706,6;19538,3;898,99;2037,3999999999999;9981,9;33231;4369,69;29;6
2021-12-29 07:00:00;21196,4;9436,9;21376,3;999,99;2149,8999999999996;10066,199999999999;36074;4521,205;29;7
2021-12-29 08:00:00;23192,3;9058,0;22130,6;1217,0;2474,0;10544,8;42193;4650,735;29;8
2021-12-29 09:00:00;24643,9;9556,6;22653,1;1217,0;2603,2;10577,900000000001;45499;4717,838;29;9
2021-12-29 10:00:00;25454,0;10272,6;23478,9;1217,0;2654,8;10603,9;46277;4784,857;29;10
2021-12-29 11:00:00;25756,9;10799,3;24159,3;1217,0;2667,4;10680,7;46486;4906,63;29;11
2021-12-29 12:00:00;23999,9;10903,3;24002,1;1200,55;2558,7000000000003;10564,2;45672;4967,685;29;12
2021-12-29 13:00:00;23972,0;11066,4;23974,3;1201,93;2568,2000000000003;10359,2;45497;4944,805;29;13
2021-12-29 14:00:00;24609,2;10944,3;24303,0;1217,0;2578,9999999999995;10354,1;45329;4812,177;29;14
2021-12-29 15:00:00;24734,4;10319,9;23468,9;1217,0;2565,9999999999995;10466,7;44613;4531,935;29;15
2021-12-29 16:00:00;25705,0;9873,6;22739,2;1217,0;2521,0000000000005;10544,699999999999;44292;4324,857;29;16
2021-12-29 17:00:00;26952,7;9548,3;22405,7;1217,0;2493,4999999999995;10560,9;44524;4247,752;29;17
2021-12-29 18:00:00;26429,6;9557,2;22436,9;1217,0;2546,2999999999997;10576,599999999999;44381;4180,425;29;18
2021-12-29 19:00:00;24846,6;9506,9;22394,7;1217,0;2456,500000000001;10583,699999999999;43337;4148,538;29;19
2021-12-29 20:00:00;23812,2;8835,6;21491,7;1217,0;2402,9;10304,399999999998;42307;4150,713;29;20
2021-12-29 21:00:00;22623,5;8558,0;21654,4;1217,0;2377,7000000000003;10489,4;41149;4155,722;29;21
2021-12-29 22:00:00;21498,1;8395,9;21500,1;1205,92;2381,6000000000004;10494,0;39662;4082,025;29;22
2021-12-29 23:00:00;20286,0;8400,1;20512,2;969,63;2287,3999999999996;10133,0;37807;4093,943;29;23
2021-12-30 00:00:00;19667,1;8243,6;19988,4;949,99;2197,7000000000003;10605,6;35009;4046,91;30;0
2021-12-30 01:00:00;19354,6;8091,4;19724,3;916,01;2175,4;10606,9;33008;3812,075;30;1
2021-12-30 02:00:00;18658,0;7984,9;19298,7;850,01;2117,6;10606,3;31621;3557,585;30;2
2021-12-30 03:00:00;18162,5;7931,1;19049,0;824,21;2073,7000000000003;10446,1;31266;3409,73;30;3
2021-12-30 04:00:00;18068,1;7929,9;18699,4;824,22;2066,6;10110,4;31110;3384,438;30;4
2021-12-30 05:00:00;18308,8;7921,3;18776,4;898,98;2091,3999999999996;10154,4;31377;3381,81;30;5
2021-12-30 06:00:00;19650,6;8728,2;20030,9;899,99;2055,7000000000003;10412,4;32597;3371,835;30;6
2021-12-30 07:00:00;21319,0;9277,5;21367,9;1144,0;2160,9;10633,6;35266;3358,49;30;7
2021-12-30 08:00:00;23612,7;8551,7;21245,5;1217,0;2391,3999999999996;10436,3;41240;3454,835;30;8
2021-12-30 09:00:00;24965,7;9253,2;22064,3;1217,0;2528,500000000001;10436,2;44660;3488,022;30;9
2021-12-30 10:00:00;25715,3;9974,2;22806,7;1217,0;2552,4000000000005;10423,8;45595;3423,94;30;10
2021-12-30 11:00:00;25888,4;10559,9;23472,5;1217,0;2560,8999999999996;10511,999999999998;45949;3364,062;30;11
2021-12-30 12:00:00;23637,9;10783,6;23640,0;1200,17;2465,6;10511,5;45257;3380,812;30;12
2021-12-30 13:00:00;23554,3;11081,1;23603,9;1150,01;2475,9;10295,400000000001;45067;3545,487;30;13
2021-12-30 14:00:00;24489,6;11313,1;24395,0;1217,0;2503,9999999999995;10320,8;45193;3805,845;30;14
2021-12-30 15:00:00;24334,5;10922,8;23864,6;1217,0;2469,0;10272,1;44746;4108,538;30;15
2021-12-30 16:00:00;25102,4;10485,1;23279,8;1217,0;2355,0;10381,5;44553;4417,14;30;16
2021-12-30 17:00:00;26276,6;10717,2;23550,4;1217,0;2295,5000000000005;10378,8;44562;4747,195;30;17
2021-12-30 18:00:00;26020,2;11059,5;24058,2;1217,0;2355,2999999999997;10399,3;43965;5020,165;30;18
2021-12-30 19:00:00;24285,2;11021,9;23955,6;1217,0;2295,2999999999993;10403,199999999999;42837;5174,953;30;19
2021-12-30 20:00:00;23276,7;10609,7;23278,6;1212,39;2248,0;10402,099999999999;41703;5245,668;30;20
2021-12-30 21:00:00;21966,1;10313,3;21968,3;1200,02;2225,0;9856,199999999999;40647;5292,24;30;21
2021-12-30 22:00:00;20582,3;10103,1;21039,4;894,22;2236,3999999999996;9898,4;39431;5337,665;30;22
2021-12-30 23:00:00;19025,8;10052,0;20310,0;602,0;2122,2000000000003;9638,4;37388;5552,392;30;23
2021-12-31 00:00:00;18101,7;10039,3;18341,5;1000,0;2112,5000000000005;6339,2;34851;5846,533;31;0
2021-12-31 01:00:00;17632,8;9960,1;17883,3;900,0;2059,7;6451,5;33077;5839,133;31;1
2021-12-31 02:00:00;17046,4;10207,1;17407,9;761,12;2015,0000000000002;6182,0;31865;5788,833;31;2
2021-12-31 03:00:00;16517,6;10438,0;17280,0;699,99;1975,6;5983,5;30942;5753,82;31;3
2021-12-31 04:00:00;16356,1;10519,6;16885,6;761,11;1964,6;5481,6;30654;5709,09;31;4
2021-12-31 05:00:00;16486,2;10482,5;16871,7;761,12;1980,4000000000003;5480,8;30792;5593,46;31;5
2021-12-31 06:00:00;17961,8;11262,2;18402,0;761,12;1907,9000000000003;6261,9;32093;5369,067;31;6
2021-12-31 07:00:00;19941,9;11555,9;20558,4;854,7;2016,3000000000002;7511,3;35048;5074,285;31;7
2021-12-31 08:00:00;21200,4;10491,8;21555,5;949,99;2262,0;9709,6;40506;4792,715;31;8
2021-12-31 09:00:00;22978,2;10773,5;23255,6;1080,0;2309,5;10444,5;43545;4458,337;31;9
2021-12-31 10:00:00;24284,2;11490,5;24613,9;986,41;2374,2000000000003;11033,3;44092;4134,148;31;10
2021-12-31 11:00:00;24558,7;11652,1;24775,6;1100,0;2384,0999999999995;10998,1;44595;3867,443;31;11
2021-12-31 12:00:00;21887,8;11567,5;23308,1;799,78;2236,1999999999994;10115,6;43019;3508,42;31;12
2021-12-31 13:00:00;20930,9;11457,7;22370,5;739,97;2146,4;9719,8;42371;3225,01;31;13
2021-12-31 14:00:00;21873,8;10976,5;22278,6;949,98;2298,1000000000004;9618,8;43506;3037,952;31;14
2021-12-31 15:00:00;21341,1;10130,8;21545,7;1149,99;2289,1000000000004;9333,7;43059;2775,962;31;15
2021-12-31 16:00:00;21830,6;9060,4;21666,5;1217,0;2243,5;9569,0;43043;2408,735;31;16
2021-12-31 17:00:00;22677,1;8404,0;20721,8;1217,0;2232,2000000000003;9585,2;43216;2180,288;31;17
2021-12-31 18:00:00;22336,1;8370,3;20692,9;1217,0;2249,1999999999994;9594,6;42652;2216,057;31;18
2021-12-31 19:00:00;21195,4;8387,4;20416,9;1217,0;2266,4000000000005;9284,2;41517;2159,735;31;19
2021-12-31 20:00:00;20187,2;7955,9;19968,0;1217,0;2134,5000000000005;8773,4;40424;2058,65;31;20
2021-12-31 21:00:00;19090,3;7195,2;19090,8;1209,5;2062,4999999999995;8910,4;39382;1937,945;31;21
2021-12-31 22:00:00;17989,7;7054,1;18131,2;1047,0;2069,3;8932,9;38199;1808,355;31;22
2021-12-31 23:00:00;17157,8;7037,4;17606,2;899,99;1989,3999999999999;8338,6;36380;1712,725;31;23
2022-01-01 00:00:00;17641,8;7786,9;18231,1;949,98;1927,6;8743,7;35086;1596,047;1;0
2022-01-01 01:00:00;16967,7;7789,3;17573,5;800,0;1888,3;8820,7;32574;1454,362;1;1
2022-01-01 02:00:00;16546,6;8047,5;16916,2;898,98;1831,1000000000001;7830,7;31185;1374,423;1;2
2022-01-01 03:00:00;16079,8;8186,0;16267,3;1047,0;1789,3;6145,7;30293;1310,088;1;3
2022-01-01 04:00:00;15661,4;8484,3;16132,7;799,7;1748,7000000000003;6867,7;30051;1225,022;1;4
2022-01-01 05:00:00;15702,0;8589,3;16199,5;725,0;1738,4;6867,7;30215;1134,813;1;5
2022-01-01 06:00:00;16486,0;8897,3;16807,6;929,99;1700,6000000000001;6867,7;31063;1047,415;1;6
2022-01-01 07:00:00;16848,8;8603,9;17187,1;898,98;1737,6999999999998;7639,7;32637;982,52;1;7
2022-01-01 08:00:00;18524,6;8600,6;18873,5;984,95;1725,8000000000004;9196,7;35578;955,007;1;8
2022-01-01 09:00:00;20005,6;9347,2;20208,6;1044,65;1773,3000000000002;9655,7;38017;898,167;1;9
2022-01-01 10:00:00;21296,3;10120,9;21480,0;1080,0;1827,3;10043,7;39382;832,46;1;10
2022-01-01 11:00:00;21897,1;10475,4;22281,7;1032,0;1869,6999999999996;10629,5;40075;816,243;1;11
2022-01-01 12:00:00;21428,6;10624,6;22099,5;800,0;1948,3000000000002;10437,5;39410;831,623;1;12
2022-01-01 13:00:00;21444,8;10362,6;21832,1;1056,86;1988,8999999999999;10241,5;39417;841,835;1;13
2022-01-01 14:00:00;21302,3;10054,1;21497,0;1160,01;1970,4;10239,5;39566;811,895;1;14
2022-01-01 15:00:00;21020,7;9341,6;21087,6;1200,0;1965,6;10413,5;39500;756,53;1;15
2022-01-01 16:00:00;21329,4;8368,7;21263,4;1345,0;1962,4000000000003;10541,7;39825;720,51;1;16
2022-01-01 17:00:00;21388,4;8094,8;20958,2;1345,0;1958,5;10799,3;40864;751,827;1;17
2022-01-01 18:00:00;22176,0;8125,9;21016,6;1345,0;2109,5;10811,3;41323;829,358;1;18
2022-01-01 19:00:00;22059,6;8039,1;20980,4;1345,0;2071,7999999999997;10785,2;40482;909,245;1;19
2022-01-01 20:00:00;21727,5;8007,1;20582,6;1345,0;2055,6;10421,7;39525;987,92;1;20
2022-01-01 21:00:00;20926,7;7795,9;20588,6;1345,0;2011,5;10614,9;38280;1082,28;1;21
2022-01-01 22:00:00;18514,2;8089,6;19048,0;1049,33;2044,4;9799,0;36836;1239,447;1;22
2022-01-01 23:00:00;17734,1;8230,6;18225,9;1048,01;1996,6999999999998;8652,2;35063;1503,85;1;23
2022-01-02 00:00:00;16272,7;8360,3;16454,7;1030,0;2013,4;6252,099999999999;32498;1765,753;2;0
2022-01-02 01:00:00;16183,9;8403,2;17006,3;922,11;1942,1;6926,099999999999;30274;1963,195;2;1
2022-01-02 02:00:00;15614,2;8495,9;16465,3;916,93;1898,8999999999996;6498,4;28908;2190,043;2;2
2022-01-02 03:00:00;15233,6;8853,0;16266,0;888,99;1881,1000000000001;5980,7;28147;2369,505;2;3
2022-01-02 04:00:00;14936,5;9315,6;15903,6;898,99;1850,3999999999999;5763,2;27936;2528,937;2;4
2022-01-02 05:00:00;15023,9;9624,2;16154,5;874,58;1847,4;5763,3;27981;2663,835;2;5
2022-01-02 06:00:00;15909,4;10094,1;17131,9;855,73;1767,6000000000001;6253,7;28327;2757,505;2;6
2022-01-02 07:00:00;16349,9;10631,5;17750,8;798,03;1789,3000000000004;6415,9;28668;2825,775;2;7
2022-01-02 08:00:00;17743,8;10446,2;18947,0;898,99;1829,7;7506,7;29878;2932,078;2;8
2022-01-02 09:00:00;19126,1;10627,1;19796,1;1045,31;1904,8;7938,3;32033;3011,935;2;9
2022-01-02 10:00:00;20324,2;10843,6;20373,9;1249,99;2013,7000000000003;8094,7;33590;3134,087;2;10
2022-01-02 11:00:00;21265,0;11285,5;21098,3;1345,0;2049,0;7918,2;34593;3454,635;2;11
2022-01-02 12:00:00;20839,3;11671,3;20959,0;1156,63;2056,9;7910,6;34556;3808,937;2;12
2022-01-02 13:00:00;20566,1;11842,3;21239,5;1044,41;2051,8;8185,9;34883;4035,01;2;13
2022-01-02 14:00:00;20043,9;12025,0;21266,4;997,01;2061,1000000000004;8206,6;35105;4251,98;2;14
2022-01-02 15:00:00;20007,0;11804,6;21361,4;898,98;2039,2;8622,6;35274;4357,122;2;15
2022-01-02 16:00:00;20177,7;10793,9;21133,6;1044,85;2023,8999999999996;9070,6;35640;4179,617;2;16
2022-01-02 17:00:00;20423,8;10554,5;20843,7;1100,01;1976,5999999999997;9048,6;36916;4000,223;2;17
2022-01-02 18:00:00;21100,3;10475,1;21121,5;1300,0;2069,2999999999997;9059,8;37850;4087,455;2;18
2022-01-02 19:00:00;20902,9;10348,1;20924,2;1300,0;2052,9;9065,2;37549;4013,71;2;19
2022-01-02 20:00:00;20713,8;10208,1;20761,6;1300,0;2033,2;9075,0;37062;3874,855;2;20
2022-01-02 21:00:00;19929,0;9782,2;20313,8;1178,59;2005,6999999999998;9092,1;36207;3713,188;2;21
2022-01-02 22:00:00;17714,7;9692,7;18737,0;940,0;2088,8;7987,3;35086;3525,058;2;22
2022-01-02 23:00:00;16669,0;9627,9;17778,1;829,87;2074,7999999999997;7326,0;33544;3182,533;2;23
2022-01-03 00:00:00;16629,4;9917,3;17618,0;1014,21;2035,9;6733,5;30265;2864,305;3;0
2022-01-03 01:00:00;16046,5;9631,1;17304,7;995,29;1978,6000000000001;6768,1;29032;2763,475;3;1
2022-01-03 02:00:00;15754,7;9231,6;17048,6;991,61;1970,4;6968,0;27698;2629,282;3;2
2022-01-03 03:00:00;15569,3;9133,5;17041,9;972,44;1965,5;7084,9;26838;2471,945;3;3
2022-01-03 04:00:00;15672,1;9040,6;17406,8;944,2;1961,3;7352,7;26513;2357,98;3;4
2022-01-03 05:00:00;16147,3;9167,3;17548,0;981,31;1969,3;7374,1;26871;2319,4;3;5
2022-01-03 06:00:00;18028,7;9804,4;18612,2;1057,23;1933,6000000000001;7559,0;28198;2366,157;3;6
2022-01-03 07:00:00;20161,7;10125,7;21118,1;1065,76;2115,2;8656,4;30316;2468,237;3;7
2022-01-03 08:00:00;23999,5;9773,7;22055,5;1345,0;2366,3;10206,6;33892;2561,715;3;8
2022-01-03 09:00:00;25989,9;10680,0;24654,5;1345,0;2471,5000000000005;10523,600000000002;35638;2550,09;3;9
2022-01-03 10:00:00;26296,9;11934,5;26200,8;1345,0;2544,9000000000005;10686,3;36692;2446,88;3;10
2022-01-03 11:00:00;26173,1;12762,6;26174,5;1341,42;2527,8;10757,5;36946;2407,252;3;11
2022-01-03 12:00:00;25170,3;12589,7;25770,3;1163,43;2501,9;10584,500000000002;37151;2478,242;3;12
2022-01-03 13:00:00;25343,0;12552,3;25603,1;1200,0;2532,7999999999993;10384,1;37522;2518,637;3;13
2022-01-03 14:00:00;25760,2;12561,4;25761,6;1338,25;2531,8000000000006;10555,3;37756;2523,77;3;14
2022-01-03 15:00:00;25421,4;11758,8;25422,8;1343,44;2475,3;10501,6;37922;2524,785;3;15
2022-01-03 16:00:00;25370,5;10841,5;24651,4;1345,0;2421,8;10464,900000000001;38883;2504,86;3;16
2022-01-03 17:00:00;24799,8;10456,0;24058,9;1345,0;2271,7999999999997;10468,8;40180;2639,54;3;17
2022-01-03 18:00:00;23989,4;10484,5;23990,8;1344,99;2306,7999999999997;10476,0;40796;2916,975;3;18
2022-01-03 19:00:00;23191,4;10764,7;23192,8;1335,36;2258,8;10529,3;40217;3113,763;3;19
2022-01-03 20:00:00;22624,8;10094,5;22626,2;1337,4;2171,0;10373,3;39310;3236,665;3;20
2022-01-03 21:00:00;21750,4;9928,0;21841,2;1195,5;2104,2;10341,3;38244;3276,027;3;21
2022-01-03 22:00:00;19925,3;9981,0;20697,0;917,13;2258,1;9645,5;36911;3317,848;3;22
2022-01-03 23:00:00;19106,6;10006,4;20019,6;799,99;2169,7;9270,0;34456;3306,528;3;23
2022-01-04 00:00:00;19332,4;10121,2;20392,2;1000,0;2188,5;9271,3;34379;3233,493;4;0
2022-01-04 01:00:00;18715,3;9980,2;20186,6;959,86;2113,0000000000005;9318,4;32207;3153,995;4;1
2022-01-04 02:00:00;18267,0;9841,8;19758,6;957,42;2091,6;9047,1;30932;3031,408;4;2
2022-01-04 03:00:00;18012,6;9675,0;19382,2;972,42;2053,8;8847,400000000001;30372;2941,912;4;3
2022-01-04 04:00:00;17996,7;9438,9;19500,2;959,9;2045,5000000000002;9025,8;30376;2818,89;4;4
2022-01-04 05:00:00;18417,8;9442,1;19563,1;999,99;2060,6000000000004;9066,5;30841;2618,188;4;5
2022-01-04 06:00:00;20147,9;9818,9;20676,2;1059,98;1976,9;9325,8;32239;2446,35;4;6
2022-01-04 07:00:00;21883,6;10006,2;22129,1;1243,01;2012,0000000000002;9677,6;34608;2389,29;4;7
2022-01-04 08:00:00;25079,4;9625,7;24318,3;1345,0;2264,5;11207,4;38051;2281,028;4;8
2022-01-04 09:00:00;26559,8;9974,3;24848,3;1345,0;2428,8;11227,0;39956;2062,383;4;9
2022-01-04 10:00:00;26665,9;10811,1;25697,5;1345,0;2493,0;11224,6;40394;1876,583;4;10
2022-01-04 11:00:00;26479,1;11349,2;26183,4;1345,0;2481,1;11209,2;40437;1826,403;4;11
2022-01-04 12:00:00;25440,9;11706,4;25450,2;1335,31;2432,2000000000007;10738,9;39367;1810,495;4;12
2022-01-04 13:00:00;25639,2;11884,8;25648,6;1336,72;2473,7;10751,3;39454;1850,817;4;13
2022-01-04 14:00:00;25716,5;12066,2;25725,8;1338,06;2379,7999999999997;11007,8;39922;1974,13;4;14
2022-01-04 15:00:00;25522,9;11641,3;25532,2;1338,66;2359,400000000001;11001,3;40138;2008,27;4;15
2022-01-04 16:00:00;25500,5;10762,0;25505,9;1343,84;2310,5;11006,5;41127;1959,832;4;16
2022-01-04 17:00:00;24535,9;10242,6;24541,3;1340,95;2164,0;11014,0;42872;2151,082;4;17
2022-01-04 18:00:00;23715,6;10355,2;23746,4;1299,67;2202,3;11009,9;43487;2580,17;4;18
2022-01-04 19:00:00;22932,4;10501,7;23280,8;1149,99;2165,7999999999997;11018,7;42600;2933,583;4;19
2022-01-04 20:00:00;22363,6;10382,3;22962,8;1144,0;2091,4;10812,2;41415;3305,325;4;20
2022-01-04 21:00:00;21447,0;10138,2;21753,8;1115,0;2075,0;9516,6;40202;3616,797;4;21
2022-01-04 22:00:00;19928,2;10605,8;20483,0;984,03;2184,8;7817,6;39174;3921,647;4;22
2022-01-04 23:00:00;18812,6;10779,1;19761,4;898,98;2180,5;7229,3;37163;4079,015;4;23
2022-01-05 00:00:00;22852,4;12879,9;23084,6;1149,99;2029,1;8432,7;34287;4135,812;5;0
2022-01-05 01:00:00;22238,2;12787,2;23018,6;1012,4;1978,5;8515,7;32860;4303,89;5;1
2022-01-05 02:00:00;21721,9;12792,6;22906,4;955,51;1968,8;8516,2;31866;4394,372;5;2
2022-01-05 03:00:00;21356,4;12846,9;22586,7;950,0;1941,8;8190,7;31276;4477,06;5;3
2022-01-05 04:00:00;21362,7;12976,8;22717,8;898,99;1936,4999999999995;8190,7;31286;4582,088;5;4
2022-01-05 05:00:00;21792,8;13242,5;23010,6;949,93;1955,4999999999998;8189,7;31517;4753,16;5;5
2022-01-05 06:00:00;23828,8;13940,9;24367,2;1000,0;1952,3999999999999;8684,5;32721;4960,72;5;6
2022-01-05 07:00:00;25207,7;14456,1;25312,9;1200,0;2059,2999999999997;8227,7;35192;5207,51;5;7
2022-01-05 08:00:00;27567,3;14268,4;27596,0;1344,99;2458,4;9442,9;39956;5463,28;5;8
2022-01-05 09:00:00;29121,3;15016,9;29171,0;1345,0;2668,1;9943,9;43108;5644,405;5;9
2022-01-05 10:00:00;29127,6;16236,8;29212,3;1337,47;2730,6999999999994;10106,1;43963;5781,372;5;10
2022-01-05 11:00:00;28760,3;16829,4;29306,5;1266,81;2734,6;9954,599999999999;44412;6016,282;5;11
2022-01-05 12:00:00;27527,5;17402,6;28804,0;1015,03;2631,2;8844,7;43309;6310,005;5;12
2022-01-05 13:00:00;27326,2;17581,9;28645,7;999,99;2584,2999999999997;8860,4;43230;6473,012;5;13
2022-01-05 14:00:00;27755,0;17343,7;29025,6;1142,19;2553,7;9571,599999999999;43424;6533,065;5;14
2022-01-05 15:00:00;27580,2;16640,9;28522,5;1166,27;2506,0999999999995;9675,4;43072;6479,74;5;15
2022-01-05 16:00:00;27591,4;15638,9;28030,5;1269,79;2467,0;9854,8;43163;6282,055;5;16
2022-01-05 17:00:00;26822,1;15315,0;27053,2;1150,4;2292,7;9895,2;43664;6154,838;5;17
2022-01-05 18:00:00;26842,4;15121,6;27052,7;1158,77;2334,1;9859,099999999999;43479;6257,347;5;18
2022-01-05 19:00:00;26209,1;14987,5;26698,7;1070,57;2292,3;9862,0;42400;6413,1;5;19
2022-01-05 20:00:00;25638,8;14701,6;26026,0;1190,0;2259,7999999999997;9219,8;41289;6565,0;5;20
2022-01-05 21:00:00;24432,1;14486,2;24751,6;1133,0;2191,7999999999997;8043,0;40225;6609,432;5;21
2022-01-05 22:00:00;22441,3;14519,4;23460,3;940,01;2071,9;7029,5;38968;6623,472;5;22
2022-01-05 23:00:00;21223,1;14536,4;22584,6;800,0;1981,9999999999998;6355,9;37351;6823,76;5;23
2022-01-06 00:00:00;24898,2;18337,0;25853,6;995,7;1827,7000000000003;5489,5;35456;7041,88;6;0
2022-01-06 01:00:00;24462,7;18244,2;25759,8;940,0;1807,2000000000003;5582,5;33655;7008,992;6;1
2022-01-06 02:00:00;24154,3;18264,7;25454,2;940,0;1790,4;5312,5;32589;6986,182;6;2
2022-01-06 03:00:00;23932,8;18151,9;24546,5;896,99;1785,4;5113,5;31810;6975,95;6;3
2022-01-06 04:00:00;24137,5;18223,4;24679,0;896,99;1790,6;5113,5;31685;6955,92;6;4
2022-01-06 05:00:00;24488,5;18174,9;25020,4;897,0;1786,5000000000002;5212,5;31814;6953,82;6;5
2022-01-06 06:00:00;26430,1;18735,4;26638,1;897,0;1876,0;6072,5;33124;6957,998;6;6
2022-01-06 07:00:00;27607,3;18690,1;28034,5;897,0;2038,1000000000004;7310,1;36057;6941,36;6;7
2022-01-06 08:00:00;28772,5;17460,0;29288,4;1269,23;2468,7000000000003;9719,5;41970;6918,297;6;8
2022-01-06 09:00:00;29411,9;17589,5;29624,0;1300,0;2666,8;9705,1;45281;6833,103;6;9
2022-01-06 10:00:00;29589,3;18620,3;30341,6;1221,2;2673,2000000000003;9673,9;45881;6800,63;6;10
2022-01-06 11:00:00;29708,4;19199,4;30784,7;1163,26;2646,7000000000003;9622,5;46132;6881,55;6;11
2022-01-06 12:00:00;28392,3;19932,8;30314,2;969,64;2409,5999999999995;8262,3;44586;6921,098;6;12
2022-01-06 13:00:00;28708,7;19866,3;30382,4;999,99;2473,1000000000004;8252,3;44381;6800,955;6;13
2022-01-06 14:00:00;29343,3;19452,4;30531,9;1140,01;2514,4;8932,3;44544;6560,173;6;14
2022-01-06 15:00:00;29195,7;18518,5;30102,7;1190,0;2473,4000000000005;9178,6;43955;6228,97;6;15
2022-01-06 16:00:00;28741,1;17251,0;29179,7;1255,59;2452,2999999999997;9360,2;44067;5675,868;6;16
2022-01-06 17:00:00;27942,3;16735,3;28080,0;1190,0;2242,2999999999997;9390,0;44215;5207,485;6;17
2022-01-06 18:00:00;28006,9;16367,6;28081,1;1243,0;2323,3000000000006;9401,699999999999;43972;5033,335;6;18
2022-01-06 19:00:00;27391,4;15961,8;27741,5;1150,0;2320,3;9805,199999999999;42817;4893,57;6;19
2022-01-06 20:00:00;27080,7;15811,6;27345,4;1200,01;2265,9;9132,9;41877;4842,132;6;20
2022-01-06 21:00:00;25778,8;15585,9;26159,0;1149,99;2212,6000000000004;8072,1;40804;4792,387;6;21
2022-01-06 22:00:00;24295,4;15970,8;25204,5;978,04;2144,9;7467,6;39453;4757,655;6;22
2022-01-06 23:00:00;23463,3;16095,6;24786,9;864,69;2044,0;7089,2;37662;4701,808;6;23
2022-01-07 00:00:00;25729,2;16337,4;26336,5;1023,93;2082,8;8512,0;35584;4563,78;7;0
2022-01-07 01:00:00;25279,4;16016,6;26332,7;955,3;2056,1;8897,8;33607;4361,11;7;1
2022-01-07 02:00:00;25023,1;15847,9;26126,5;950,01;2030,8000000000002;8918,9;32353;4105,237;7;2
2022-01-07 03:00:00;24867,7;15543,8;25919,8;897,0;2031,2000000000003;9184,9;31698;3762,983;7;3
2022-01-07 04:00:00;25001,1;15297,1;25822,8;897,0;2062,2999999999997;9317,800000000001;31456;3361,308;7;4
2022-01-07 05:00:00;25333,0;15065,3;25666,1;1054,03;2064,1;9296,7;31760;2917,902;7;5
2022-01-07 06:00:00;26796,6;15457,3;26798,2;1344,99;2150,8;9237,7;32890;2508,592;7;6
2022-01-07 07:00:00;27870,0;15220,1;27379,7;1345,0;2210,3;9282,0;35533;2284,947;7;7
2022-01-07 08:00:00;29600,3;13960,8;26236,5;1345,0;2535,899999999999;10249,6;40882;2313,863;7;8
2022-01-07 09:00:00;30506,4;13732,6;26887,8;1345,0;2780,6;10407,2;43860;2345,66;7;9
2022-01-07 10:00:00;30410,5;14383,6;27887,3;1345,0;2795,3999999999996;10384,900000000001;44334;2276,14;7;10
2022-01-07 11:00:00;29896,8;14621,9;28136,1;1345,0;2809,2999999999997;10369,6;44478;2217,9;7;11
2022-01-07 12:00:00;28667,9;15364,0;28692,9;1339,99;2619,8;9725,1;41979;2098,178;7;12
2022-01-07 13:00:00;28809,9;15412,4;28832,2;1340,0;2545,7999999999997;9734,5;41113;1951,332;7;13
2022-01-07 14:00:00;29559,1;15162,0;29037,2;1345,0;2661,3;10041,4;42991;1832,367;7;14
2022-01-07 15:00:00;29218,6;14520,2;28473,4;1345,0;2622,099999999999;10051,8;42502;1729,555;7;15
2022-01-07 16:00:00;28980,2;14117,7;27614,3;1345,0;2565,0;10093,0;42614;1728,74;7;16
2022-01-07 17:00:00;28165,8;14097,5;27624,3;1345,0;2350,5;10114,4;42619;1808,555;7;17
2022-01-07 18:00:00;28270,6;13936,1;27457,4;1345,0;2418,9;10134,800000000001;42483;1942,0;7;18
2022-01-07 19:00:00;27661,7;14090,0;27663,3;1345,0;2419,2999999999997;10082,4;41135;2066,027;7;19
2022-01-07 20:00:00;27113,3;13691,7;27114,9;1344,85;2361,7999999999997;9871,8;40267;2130,26;7;20
2022-01-07 21:00:00;26531,0;13517,6;26532,6;1341,38;2331,5;9435,3;39144;2176,72;7;21
2022-01-07 22:00:00;24801,8;13772,1;24983,4;1150,03;2191,9;8736,4;37884;2209,695;7;22
2022-01-07 23:00:00;23751,6;14095,6;24654,2;950,0;2108,0;8166,2;36304;2217,753;7;23
2022-01-08 00:00:00;26087,1;14655,2;26373,2;1145,84;2167,4999999999995;10118,1;34730;2235,385;8;0
2022-01-08 01:00:00;25662,2;14706,3;26268,1;1044,64;2142,4;10244,8;33097;2229,205;8;1
2022-01-08 02:00:00;25347,3;14734,9;26266,6;999,44;2104,3;10232,4;31763;2235,902;8;2
2022-01-08 03:00:00;25021,9;14776,8;26094,6;974,01;2088,0;9982,2;30802;2253,05;8;3
2022-01-08 04:00:00;25019,8;14772,7;25870,1;974,01;2086,7;9779,7;30280;2220,71;8;4
2022-01-08 05:00:00;25057,4;14851,0;26081,9;974,02;2068,6;9609,400000000001;30260;2174,38;8;5
2022-01-08 06:00:00;26011,9;15401,1;26729,9;1015,03;2116,2999999999997;10086,0;30737;2202,127;8;6
2022-01-08 07:00:00;26811,9;15618,1;27119,7;1067,03;2117,2;10054,3;31657;2274,553;8;7
2022-01-08 08:00:00;26699,9;15084,7;26759,0;1335,53;2319,2;9602,2;33902;2358,852;8;8
2022-01-08 09:00:00;27744,7;14929,8;27749,1;1344,33;2474,1000000000004;9590,099999999999;36514;2399,435;8;9
2022-01-08 10:00:00;28565,7;15570,4;28567,4;1344,99;2557,5;9580,8;37991;2350,757;8;10
2022-01-08 11:00:00;28376,5;15992,2;28407,5;1338,74;2537,1;9872,7;39033;2305,758;8;11
2022-01-08 12:00:00;27684,1;16522,1;28386,2;1200,04;2385,3;9354,9;38788;2259,33;8;12
2022-01-08 13:00:00;27485,3;16636,5;28208,4;1200,0;2378,7999999999997;9362,4;38935;2199,487;8;13
2022-01-08 14:00:00;27276,9;16624,9;27901,4;1212,63;2376,9000000000005;9672,699999999999;39024;2117,943;8;14
2022-01-08 15:00:00;26813,8;16052,4;27311,5;1244,44;2323,5999999999995;9652,5;38438;2023,533;8;15
2022-01-08 16:00:00;26494,9;15183,3;26851,9;1297,37;2298,6;9640,7;38171;1936,55;8;16
2022-01-08 17:00:00;26419,4;14997,1;26579,2;1297,37;2183,5;9672,0;38760;1938,13;8;17
2022-01-08 18:00:00;27012,3;14685,2;27017,7;1339,5;2292,1;9670,3;39439;2074,435;8;18
2022-01-08 19:00:00;26735,5;14746,1;26740,9;1336,39;2300,4;9678,0;38793;2225,72;8;19
2022-01-08 20:00:00;26187,3;14667,2;26207,8;1337,77;2293,7;9194,3;37830;2368,82;8;20
2022-01-08 21:00:00;25632,3;14597,0;25717,6;1279,4;2233,6000000000004;8836,2;36847;2504,693;8;21
2022-01-08 22:00:00;23896,9;15184,6;24337,0;985,03;2110,9000000000005;7997,7;35895;2634,3;8;22
2022-01-08 23:00:00;22828,1;15244,5;24015,3;800,01;2057,3999999999996;7657,099999999999;34308;2860,667;8;23
2022-01-09 00:00:00;27374,0;15574,0;26959,5;1345,0;2056,5;8079,5;33340;3044,707;9;0
2022-01-09 01:00:00;26802,7;15823,9;26816,2;1339,99;1987,3000000000002;8079,4;31766;3120,15;9;1
2022-01-09 02:00:00;25962,9;15923,2;26143,4;999,45;1979,7;8400,4;30306;3171,5;9;2
2022-01-09 03:00:00;25269,5;15915,7;25538,9;901,99;1983,4999999999998;8400,9;29216;3198,66;9;3
2022-01-09 04:00:00;24899,0;15989,0;25115,8;902,0;1973,2;7899,1;28466;3223,84;9;4
2022-01-09 05:00:00;24617,4;15974,6;24901,8;897,0;1951,2000000000003;7898,5;28202;3385,895;9;5
2022-01-09 06:00:00;25191,1;16449,1;25466,3;897,0;1970,9;8002,7;28285;3533,265;9;6
2022-01-09 07:00:00;25292,5;16737,1;25588,9;897,0;2005,9999999999998;7726,2;28592;3694,615;9;7
2022-01-09 08:00:00;24997,4;16899,7;25512,8;897,0;2064,2;7489,5;29216;3862,307;9;8
2022-01-09 09:00:00;25520,6;16927,7;26107,0;836,03;2154,6;8255,2;31071;3885,128;9;9
2022-01-09 10:00:00;26640,5;17347,2;27211,5;901,99;2240,6000000000004;8444,5;32943;3810,405;9;10
2022-01-09 11:00:00;26859,9;17491,7;28157,4;1000,0;2296,6000000000004;9052,2;34445;3825,932;9;11
2022-01-09 12:00:00;26670,8;17652,7;28382,9;1049,99;2223,7000000000003;9067,6;34748;3819,87;9;12
2022-01-09 13:00:00;26125,5;17638,2;28166,8;1049,99;2230,2000000000003;8882,6;35295;3726,73;9;13
2022-01-09 14:00:00;25913,0;17328,1;28082,2;1030,01;2214,2999999999997;8662,6;35807;3527,942;9;14
2022-01-09 15:00:00;25631,4;16729,2;27489,6;1049,99;2202,1000000000004;8640,6;35759;3261,375;9;15
2022-01-09 16:00:00;25764,2;15837,3;27019,9;1145,44;2224,5000000000005;9512,0;35998;2925,245;9;16
2022-01-09 17:00:00;25809,0;15559,2;26456,7;1000,0;2113,8;9520,3;37003;2640,59;9;17
2022-01-09 18:00:00;26724,3;15374,8;27055,0;1265,04;2242,2;9540,5;38146;2685,03;9;18
2022-01-09 19:00:00;26680,2;15398,9;27105,6;1265,03;2259,1000000000004;9546,6;37963;2835,045;9;19
2022-01-09 20:00:00;26585,3;15555,9;26811,3;1249,99;2240,3000000000006;9433,1;37474;2906,885;9;20
2022-01-09 21:00:00;25994,3;15327,2;26339,4;1190,0;2172,7999999999997;9339,6;36760;2896,455;9;21
2022-01-09 22:00:00;25594,0;15856,3;25882,3;988,04;2009,3999999999999;7671,3;36111;2921,55;9;22
2022-01-09 23:00:00;24608,0;16160,8;25670,3;947,68;1954,5;7074,1;34517;3009,717;9;23
2022-01-10 00:00:00;25861,6;15887,6;25897,9;1250,0;1949,3000000000002;8034,7;31563;3009,273;10;0
2022-01-10 01:00:00;25261,9;15962,0;25418,3;984,76;1921,4;8031,9;29981;2949,195;10;1
2022-01-10 02:00:00;24241,6;16073,9;24404,0;947,66;1905,3;7427,0;28994;2902,64;10;2
2022-01-10 03:00:00;23789,1;16195,5;24192,7;836,03;1895,8000000000002;7107,0;28520;2922,562;10;3
2022-01-10 04:00:00;23557,9;16237,0;23753,1;901,99;1893,1;6610,9;28583;2938,085;10;4
2022-01-10 05:00:00;23871,0;16372,2;24183,9;947,67;1917,8999999999996;6654,6;28974;3003,8;10;5
2022-01-10 06:00:00;25317,7;16950,6;25771,1;1000,01;1997,9000000000003;7188,6;30558;3057,23;10;6
2022-01-10 07:00:00;26457,4;16998,2;27171,7;1100,04;2092,4;8015,4;34196;3198,78;10;7
2022-01-10 08:00:00;28525,4;15304,5;28218,7;1345,0;2429,6;9514,2;40331;3367,96;10;8
2022-01-10 09:00:00;30128,7;15609,1;28959,7;1345,0;2624,5999999999995;9912,5;43442;3432,567;10;9
2022-01-10 10:00:00;30425,0;16045,5;29476,5;1345,0;2628,3999999999996;9890,599999999999;44197;3432,762;10;10
2022-01-10 11:00:00;30423,3;16191,6;29514,4;1345,0;2612,9;9903,599999999999;44621;3524,508;10;11
2022-01-10 12:00:00;29668,0;16412,3;29691,9;1340,0;2433,7000000000003;9453,0;43568;3571,25;10;12
2022-01-10 13:00:00;29952,3;16673,2;29976,3;1340,0;2518,7999999999997;9493,3;43539;3501,233;10;13
2022-01-10 14:00:00;30124,4;16556,5;30126,8;1344,92;2551,3;9781,300000000003;43537;3368,748;10;14
2022-01-10 15:00:00;29816,3;16208,3;29773,1;1345,0;2494,2;9835,2;43221;3188,903;10;15
2022-01-10 16:00:00;29608,6;15684,2;29218,8;1345,0;2491,9999999999995;9893,1;43187;3025,505;10;16
2022-01-10 17:00:00;28974,0;15103,4;28552,3;1345,0;2274,2;9920,3;43611;3076,96;10;17
2022-01-10 18:00:00;28401,2;15084,4;28403,2;1344,81;2323,4;9915,8;43836;3338,02;10;18
2022-01-10 19:00:00;27869,2;15277,4;27875,8;1336,47;2335,5;9916,5;42742;3572,652;10;19
2022-01-10 20:00:00;27540,7;15162,5;27547,2;1335,49;2329,2;9694,7;41609;3791,005;10;20
2022-01-10 21:00:00;27034,8;15301,7;27103,0;1250,0;2307,9999999999995;9611,5;40618;3985,51;10;21
2022-01-10 22:00:00;25847,0;15881,9;26625,7;999,99;2172,9999999999995;7969,5;39096;4164,745;10;22
2022-01-10 23:00:00;24994,4;16277,9;26559,4;948,01;2063,0;7810,6;37430;4328,965;10;23
2022-01-11 00:00:00;26881,2;17674,5;27072,3;1000,01;1865,5;7565,8;34883;4499,23;11;0
2022-01-11 01:00:00;26458,0;17522,1;26651,4;984,74;1827,3999999999996;7566,5;33076;4707,695;11;1
2022-01-11 02:00:00;25298,9;17646,8;25500,6;946,0;1810,7;6561,5;31891;4904,905;11;2
2022-01-11 03:00:00;24708,2;17752,5;24910,6;929,89;1787,1999999999998;5941,7;31248;5096,162;11;3
2022-01-11 04:00:00;24465,8;18032,5;24980,9;729,99;1789,9;5941,0;31041;5235,225;11;4
2022-01-11 05:00:00;24710,5;18075,3;25087,7;800,0;1796,1999999999998;5940,3;31346;5341,242;11;5
2022-01-11 06:00:00;25836,8;18854,1;26342,9;864,86;1893,1999999999998;6351,5;32545;5468,655;11;6
2022-01-11 07:00:00;26627,5;18719,0;27366,3;944,0;1971,0;7319,4;35205;5600,42;11;7
2022-01-11 08:00:00;27571,7;17468,1;27905,1;1057,11;2395,5999999999995;8777,0;40083;5766,58;11;8
2022-01-11 09:00:00;28562,1;16992,8;28578,8;1340,01;2616,2000000000003;8792,3;43408;5869,137;11;9
2022-01-11 10:00:00;28974,7;17283,2;28999,6;1339,98;2651,8;8776,3;44440;5917,212;11;10
2022-01-11 11:00:00;28624,1;17668,0;28900,0;1288,02;2649,2999999999997;8790,7;45014;5964,587;11;11
2022-01-11 12:00:00;28025,1;17679,6;28991,9;1150,0;2487,5000000000005;8666,0;44080;5973,79;11;12
2022-01-11 13:00:00;28236,7;17681,5;29025,5;1185,17;2535,7000000000003;8657,7;44000;5964,038;11;13
2022-01-11 14:00:00;28466,0;17812,5;28912,0;1249,99;2550,5;8595,3;43948;5882,558;11;14
2022-01-11 15:00:00;28173,9;17798,7;28851,5;1242,34;2683,4;8592,5;43327;5818,55;11;15
2022-01-11 16:00:00;28044,2;17878,6;29022,4;1249,99;3005,7999999999997;8422,599999999999;43199;5791,35;11;16
2022-01-11 17:00:00;27370,8;18307,8;28475,3;999,99;2753,7000000000003;8423,400000000001;43359;5905,415;11;17
2022-01-11 18:00:00;26945,9;18458,1;28025,7;984,73;2860,7000000000003;8256,8;43712;6161,338;11;18
2022-01-11 19:00:00;26463,5;18417,1;27883,2;741,0;2848,3;8268,7;42855;6268,808;11;19
2022-01-11 20:00:00;26123,5;17910,2;27423,3;984,74;2865,4;8097,3;41850;6254,815;11;20
2022-01-11 21:00:00;25257,0;17234,6;26498,5;999,44;2952,1000000000004;7288,0;40820;6155,552;11;21
2022-01-11 22:00:00;25023,7;17651,1;26142,2;984,74;2842,9;6562,3;39624;6028,538;11;22
2022-01-11 23:00:00;24404,3;17802,7;25999,8;864,87;2734,6000000000004;6561,4;38255;5776,973;11;23
2022-01-12 00:00:00;28102,5;18623,3;28232,8;1182,0;1862,9;7498,0;36973;5440,06;12;0
2022-01-12 01:00:00;27565,3;18397,6;27720,8;1100,0;1813,4999999999998;7498,5;34996;5346,472;12;1
2022-01-12 02:00:00;26739,3;18128,9;26940,0;973,99;1812,8;7249,0;33752;5296,165;12;2
2022-01-12 03:00:00;26118,0;18201,8;26423,7;864,79;1762,9999999999998;6936,3;32955;5366,053;12;3
2022-01-12 04:00:00;25836,4;18387,2;26231,2;800,0;1754,8;6661,7;32609;5571,202;12;4
2022-01-12 05:00:00;26146,7;18627,1;26522,3;800,0;1768,0;6662,7;32961;5891,41;12;5
2022-01-12 06:00:00;27572,6;19401,7;27817,8;929,89;1869,6999999999998;6979,5;34152;6296,9;12;6
2022-01-12 07:00:00;28452,1;19507,0;28887,4;973,99;2011,3000000000002;7442,1;36884;6649,86;12;7
2022-01-12 08:00:00;29556,9;17892,4;30091,2;1171,12;2409,5;10030,7;42087;6887,867;12;8
2022-01-12 09:00:00;31272,0;17630,2;31274,0;1344,99;2660,3;10187,2;44958;7090,087;12;9
2022-01-12 10:00:00;31754,7;17879,8;31756,7;1344,99;2694,7;10358,000000000002;45766;7240,945;12;10
2022-01-12 11:00:00;31572,8;18020,8;31638,5;1325,0;2688,7;10499,199999999999;46150;7345,967;12;11
2022-01-12 12:00:00;30835,0;18291,0;31551,6;1244,44;2538,4000000000005;10297,900000000001;45255;7421,195;12;12
2022-01-12 13:00:00;31068,6;18357,4;31811,6;1244,45;2635,6000000000004;10297,4;45292;7421,427;12;13
2022-01-12 14:00:00;31112,4;18221,6;31291,1;1297,36;2652,7;10270,4;45482;7381,012;12;14
2022-01-12 15:00:00;30706,7;17869,0;30929,9;1283,63;2619,8;10314,500000000002;45093;7346,995;12;15
2022-01-12 16:00:00;30854,1;17463,0;30960,2;1315,31;2616,3;10166,300000000001;45126;7314,555;12;16
2022-01-12 17:00:00;30316,0;17749,7;30480,2;1171,12;2331,2;10145,7;45052;7317,223;12;17
2022-01-12 18:00:00;29867,6;17975,1;30251,8;1149,02;2338,0999999999995;9995,6;44873;7417,233;12;18
2022-01-12 19:00:00;29254,1;18194,0;30032,0;1048,01;2318,0;9715,900000000001;43922;7463,005;12;19
2022-01-12 20:00:00;28726,2;18192,7;29456,7;1048,01;2353,4;9049,8;43097;7447,165;12;20
2022-01-12 21:00:00;27790,2;18241,6;28206,9;1089,99;2291,4;7740,3;41953;7435,26;12;21
2022-01-12 22:00:00;26895,8;18759,8;27936,0;989,99;2406,2;7132,6;40659;7412,07;12;22
2022-01-12 23:00:00;25970,7;19128,4;27659,6;864,79;2345,2;6721,3;38693;7472,052;12;23
